 ,Lab ID,year,ID,DNA/RNA,species,source,details,date extracted,extractor,nanodrop (ng/μl),260/280,260/230,date cleaned,Qbit ng/uL,vol uL,new ng/ul,curve,amount left,Dilution,Qbit ng/uL of dilution,notes,Sent to Davis?,amount to dilute to 10 microl to get .00769microg/microl
,21-292,,,,HYB,CBB GH,JH0251_007,211204,"ET,WM",,1.87,2.49,,79.7,,,excellent,,1:10,7.97,,,
,21-293,,,,HYB,CBB GH,JH0251_009,211204,"ET,WM",,1.86,2.72,,46.3,,,excellent,,,,,,
,21-294,,,,HYB,CBB GH,JH0251_011,211204,"ET,WM",,1.85,2.54,,53,,,excellent,,,,,,
,21-297,,,,HYB,CBB GH,JH0251_028,211204,"ET,WM",,1.86,2.57,,30.8,,,excellent,,1:10,3.08,,,
,21-295,,,,HYB,CBB GH,JH0251_012,211204,"ET,WM",,1.79,4.14,,23.6,,,low,,,,,,
,21-296,,,,HYB,CBB GH,JH0251_014,211204,"ET,WM",,1.87,2.6,,59.3,,,excellent,,1:10,5.93,,,
,21-298,,,,HYB,CBB GH,JH0251_029,211204,"ET,WM",,1.85,2.58,,32.8,,,excellent,,,,,,
,22-001,,,,HYB,CBB GH,JH0251_04,220114,"ET,WM",,,,,,,,,,,,,,
,22-002,,,,HYB,CBB GH,JH051_29_02,220114,"ET,WM",,,,,,,,,,,,,,
,22-003,,,,HYB,CBB GH,JH0251_29B_11,220114,"ET,WM",,,,,,,,,,,,,,
,22-004,,,,HYB,CBB GH,JH051_29B_03,220114,"ET,WM",,,,,,,,,,,,,,
,22-005,,,,HYB,CBB GH,JH0172SLF_03_20,220114,"ET,WM",,,,,,,,,,,,,,
,22-006,,,,HYB,CBB GH,JH0172SLF_03_03,220114,"ET,WM",,,,,,,,,,,,,,
,22-007,,,,HYB,CBB GH,JH0172SLF_03_14,220114,"ET,WM",,,,,,,,,,,,,,
,22-008,,,,HYB,CBB GH,JH0172SLF_03_07,220114,"ET,WM",,,,,,,,,,,,,,
,22-009,,,,HYB,CBB GH,JH172SLF_3_23,220131,"ET,WM",,1.9,2.42,,312,,,excellent,,1:10,31.2,,,
,22-010,,,,HYB,CBB GH,JH172SLF_25B_27,220131,"ET,WM",,1.9,2.33,,29.8,,,low,,,,,,
,22-011,,,,HYB,CBB GH,JH172SLF_22C_10,220131,"ET,WM",,1.89,2.43,,343,,,excellent,,1:10,34.3,,,
,22-012,,,,HYB,CBB GH,JH172SLF_22_02,220131,"ET,WM",,1.89,2.38,,60,,,low,,,,,,
,22-013,,,,HYB,CBB GH,JH251_29B_19,220210,"ET,WM",,1.3,2.46,,59,,,low,,,,,,
,22-014,,,,HYB,CBB GH,JH251_29C_05,220210,"ET,WM",,1.59,2.35,,55,,,low,,,,,,
,22-015,,,,HYB,CBB GH,JH251_29B_11,220210,"ET,WM",,1.18,2.32,,45.2,,,low,,,,,,
,22-016,,,,HYB,CBB GH,JH251_29B_03,220210,"ET,WM",,1.75,2.13,,41.9,,,low,,,,,,
,22-017,,,,HYB,CBB GH,JH172SLF_13B_08,220225,"ET,WM",,1.84,2.3,,540,,,excellent,,,,,,
,22-018,,,,HYB,CBB GH,JH172SLF_01_23,220225,"ET,WM",,1.83,1.98,,53,,,low,,,,,,
,22-019,,,,HYB,CBB GH,JH172SLF_13_14,220225,"ET,WM",,1.85,2.27,,52,,,excellent,,,,,,
,22-020,,,,HYB,CBB GH,JH172SLF_13_06,220225,"ET,WM",,1.85,2.29,,28.6,,,excellent,,,,,,
,22-021,,,,HYB,CBB GH,JH172SLF_13B_31,220225,"ET,WM",,1.84,2.3,,48.5,,,excellent,,,,,,
,22-022,,,,HYB,CBB GH,JH172SLF_13B_29,220225,"ET,WM",,1.83,1.98,,73.6,,,excellent,,,,,,
,22-023,,,,HYB,CBB GH,JH172SLF_13_17,220225,"ET,WM",,1.86,2.27,,39.6,,,excellent,,,,,,
,22-024,,,,HYB,CBB GH,JH172SLF_01_14,220225,"ET,WM",,1.82,2.29,,49.2,,,excellent,,,,,,
,22-025,,,,HYB,CBB GH,JH172SLF_13B_23,220225,"ET,WM",,1.84,2.32,,86.7,,,excellent,,,,,,
,22-026,,,,HYB,CBB GH,JH172SLF_13_18,220225,"ET,WM",,1.83,2.12,,386,,,high,,,,,,
,22-027,,,,HYB,CBB GH,JH172SLF_24_01,220225,"ET,WM",,1.71,1.55,,27.5,,,low,,,,,,
,22-028,,,,HYB,CBB GH,JH172SLF_01_25,220225,"ET,WM",,1.82,2.01,,32.1,,,,,,,,,
,22-029,,,,HYB,CBB GH,Costus bracteatus x lasius #39,220324,"ET,WM",,1.86,2.19,,51.8,,,excellent,,1:10,5.18,,n,
,22-030,,,,HYB,CBB GH,Costus lasius x bracteatus #62,220324,"ET,WM",,1.87,2.19,,256,,,excellent,,1:10,25.6,,y,
,22-031,,,,HYB,CBB GH,165_26_06,220324,"ET,WM",,1.86,2.19,,483,,,excellent,,1:10,48.3,,y,
,22-032,,,,HYB,CBB GH,165_26_09,220324,"ET,WM",,1.83,2.1,,243,,,excellent,,1:10,24.3,,y,
,22-033,,,,HYB,CBB GH,165_26B_14,220324,"ET,WM",,1.71,1.99,,16.2,,,Low,,,,,y,
,22-034,,,,HYB,CBB GH,165_26B_15,220324,"ET,WM",,1.84,2.07,,378,,,excellent,,1:10,37.8,,y,
,22-035,,,,HYB,CBB GH,165_26B_19,220324,"ET,WM",,1.76,1.63,,123,,,excellent,,1:10,12.3,,y,
,22-036,,,,HYB,CBB GH,165_26B_24,220324,"ET,WM",,1.83,1.83,,346,,,excellent,,1:10,34.6,,y,
,22-037,,,,HYB,CBB GH,165_26B_26,220324,"ET,WM",,1.82,1.97,,345,,,excellent,,1:10,34.5,,y,
,22-038,,,,HYB,CBB GH,165_26_27,220324,"ET,WM",,1.75,1.83,,60,,,low,,,,,y,
,22-039,,,,HYB,CBB GH,165_26_28,220324,"ET,WM",,1.86,2.23,,,,,excellent,,,,,y,
,22-040,,,,HYB,CBB GH,165_26_31,220324,"ET,WM",,1.87,2.16,,248,,,excellent,,,,,y,
,22-041,,,,HYB,CBB GH,165_26_36,220324,"ET,WM",,1.72,1.02,,26.4,,,low,,,,,y,
,22-042,,,,HYB,CBB GH,165_26_37,220324,"ET,WM",,1.66,0.74,,9.54,,,low,,,,,y,
,22-043,,,,HYB,CBB GH,165_26B_49,220324,"ET,WM",,1.74,2.07,,35.5,,,excellent,,,,,y,
,22-044,,,,HYB,CBB GH,165_26B_52,220324,"ET,WM",,1.85,1.7,,122,,,excellent,,1:10,12.2,,y,
,22-045,,,,HYB,CBB GH,165_26_55,220324,"ET,WM",,1.5,1.66,,3.07,,,low,,,,,n,
,22-046,,,,HYB,CBB GH,165_26_57,220324,"ET,WM",,1.64,1.61,,1.6,,,low,,,,,n,
,22-047,,,,HYB,CBB GH,165_26_58,220324,"ET,WM",,1.6,1.75,,7.7,,,low,,,,,n,
,22-048,,,,HYB,CBB GH,165_26B_62,220324,"ET,WM",,1.57,1.64,,1.86,,,low,,,,,n,
,22-049,,,,HYB,CBB GH,165_26_70,220324,"ET,WM",,1.54,1.63,,3.84,,,low,,,,,n,
,22-050,,,,HYB,CBB GH,165_26_72,220324,"ET,WM",,1.72,2.17,,40.5,,,excellent,,,,,y,
,22-051,,,,HYB,CBB GH,165_26B_75,220324,"ET,WM",,1.68,1.93,,15.3,,,low,,,,,y,
,22-052,,,,HYB,CBB GH,165_26_87,220324,"ET,WM",,1.75,1.62,,45.3,,,excellent,,,,,y,
,22-053,,,,HYB,CBB GH,165_26_41,220504,"ET,WM",,1.88,2.34,,52,,,,,,,,y,
,22-054,,,,HYB,CBB GH,165_26B_66,220504,"ET,WM",,1.89,2.33,,53,,,,,,,,y,
,22-055,,,,HYB,CBB GH,165_26B_99,220504,"ET,WM",,1.9,2.27,,42.8,,,,,,,,y,
,22-056,,,,HYB,CBB GH,165_26B_78,220504,"ET,WM",,1.75,1.51,,56,,,,,,,,y,
,22-057,,,,HYB,CBB GH,165_26_39,220504,"ET,WM",,1.89,2.38,,59,,,,,,,,y,
,22-058,,,,HYB,CBB GH,165_26_07,220504,"ET,WM",,1.88,2.26,,53,,,,,,,,y,
,22-059,,,,HYB,CBB GH,165_26_29,220504,"ET,WM",,1.88,2.36,,,,,,,,,,n,
,22-060,,,,HYB,CBB GH,165_26B_46,220504,"ET,WM",,1.88,2.34,,52,,,excellent,,,,,y,
,22-061,,,,HYB,CBB GH,165_26B_23,220504,"ET,WM",,1.85,2.23,,47.5,,,excellent,,,,,y,
,22-062,,,,HYB,CBB GH,165_26B_92,220504,"ET,WM",,1.86,2.31,,,,,excellent,,,,,y,
,22-063,,,,HYB,CBB GH,165_26B_84,220504,"ET,WM",,1.83,1.63,,35.2,,,excellent,,,,,y,
,22-064,,,,HYB,CBB GH,165_26B_60,220504,"ET,WM",,1.86,2.27,,54,,,excellent,,,,,y,
,22-065,,,,HYB,CBB GH,165_26B_48,220504,"ET,WM",,1.86,2.32,,,,,excellent,,,,,y,
,22-066,,,,HYB,CBB GH,165_26_88,220504,"ET,WM",,1.86,2.22,,43.5,,,excellent,,,,,y,
,22-067,,,,HYB,CBB GH,165_26B_45,220504,"ET,WM",,1.87,2.27,,48.6,,,excellent,,,,,y,
,22-068,,,,HYB,CBB GH,165_26_42,220504,"ET,WM",,1.87,2.29,,59,,,excellent,,,,,y,
,22-069,,,,HYB,CBB GH,165_26_40,220504,"ET,WM",,1.87,2.33,,58,,,excellent,,,,,y,
,22-070,,,,HYB,CBB GH,165_26_38,220504,"ET,WM",,1.83,2.21,,37.4,,,low,,,,,y,
,22-071,,,,HYB,CBB GH,165_26B_85,220504,"ET,WM",,1.86,2.32,,55,,,excellent,,,,,y,
,22-072,,,,HYB,CBB GH,165_26_32,220504,"ET,WM",,1.85,2.25,,39.4,,,low,,,,,y,
,22-073,,,,HYB,CBB GH,165_26_56,220504,"ET,WM",,1.86,2.28,,52,,,excellent,,,,,y,
,22-074,,,,HYB,CBB GH,165_26_35,220504,"ET,WM",,1.87,2.32,,52,,,excellent,,,,,y,
,22-075,,,,HYB,CBB GH,165_26B_12,220504,"ET,WM",,1.87,2.3,,36.7,,,excellent,,,,,y,
,22-076,,,,HYB,CBB GH,165_26_05,220504,"ET,WM",,1.86,2.21,,60,,,excellent,,,,,y,
,22-077,,,,HYB,CBB GH,165_26_42,220509,"ET,ME",,,,,,,,,,,,,y,
,22-077,,,,HYB,CBB GH,165_26B_45,220509,"ET,ME",,1.87,2.38,,16.9,,,excellent,,1:10,1.69,,y,
,22-078,,,,HYB,CBB GH,165_26B_48,220509,"ET,ME",,1.86,2.45,,104,,,excellent,,1:10,10.4,,y,
,22-079,,,,HYB,CBB GH,165_26_88,220509,"ET,ME",,1.9,3.13,,21.9,,,low/flat,,,,,y,
,22-080,,,,HYB,CBB GH,165_26B_60,220509,"ET,ME",,1.88,2.5,,90.9,,,excellent,,1:10,9.09,,y,
,22-081,,,,HYB,CBB GH,165_26B_84,220509,"ET,ME",,1.87,2.45,,31,,,excellent ,,1:10,3.1,,y,
,22-082,,,,HYB,CBB GH,165_26B_23,220509,"ET,ME",,1.87,2.15,,167,,,excellent ,,1:10,16.7,,y,
,22-083,,,,HYB,CBB GH,165_26B_92,220509,"ET,ME",,1.87,2.49,,148,,,excellent ,,1:10,14.8,,y,
,22-084,,,,HYB,CBB GH,165_26B_46,220509,"ET,ME",,1.91,3.13,,16.3,,,low/flat,,,,,,
,22-085,,,,HYB,CBB GH,165_26_29,220509,"ET,ME",,1.87,2.42,,305,,,excellent,,1:10,30.5,,y,
,22-086,,,,HYB,CBB GH,165_26_7,220509,"ET,ME",,1.87,2.48,,31.7,,,low,,1:10,3.17,,y,
,22-087,,,,HYB,CBB GH,165_26_39,220509,"ET,ME",,1.87,2.43,,96.5,,,excellent ,,1:10,9.65,,y,
,22-088,,,,HYB,CBB GH,165_26B_76,220526,"ET,ME",,1.8,1.6,,42.4,,,excellent,,,,,y,
,22-089,,,,HYB,CBB GH,165_26_73,220526,"ET,ME",,1.85,2.12,,51,,,excellent,,,,,y,
,22-090,,,,HYB,CBB GH,165_26_54,220526,"ET,ME",,,,,,,,,,,,,,
,22-091,,,,HYB,CBB GH,165_26B_11,220526,"ET,ME",,1.59,1.22,,6.43,,,low/flat,,,,,n,
,22-092,,,,HYB,CBB GH,165_26B_89,220526,"ET,ME",,,,,,,,,,,,,,
,22-093,,,,HYB,CBB GH,165_26B_78,220526,"ET,ME",,1.61,1.19,,8.94,,,low,,,,,n,
,22-094,,,,HYB,CBB GH,165_26B_99,220526,"ET,ME",,,,,,,,,,,,,,
,22-095,,,,HYB,CBB GH,165_26B_66,220526,"ET,ME",,1.34,0.8,,1.92,,,flat,,,,,,
,22-096,,,,HYB,CBB GH,165_26_41,220526,"ET,ME",,1.82,2.17,,59,,,excellent,,,,,y,
,22-097,,,,HYB,CBB GH,165_26_30,220526,"ET,ME",,1.77,1.66,,52,,,excellent,,,,,y,
,22-098,,,,HYB,CBB GH,165_26_35,220526,"ET,ME",,1.35,0.79,,2.74,,,flat,,,,,n,
,22-099,,,,HYB,CBB GH,165_26_32,220526,"ET,ME",,1.63,0.97,,8.75,,,low/flat,,,,,,
,22-100,,,,HYB,CBB GH,165_26_54,220609,"ET,ME",,1.84,2.24,,8.02,,,,,,,,n,
,22-101,,,,HYB,CBB GH,JH185_26B_99,220609,"ET,ME",,1.89,2.69,,39.7,,,,,,,,y,
,22-102,,,,HYB,CBB GH,165_26_56,220609,"ET,ME",,1.88,2.97,,46.1,,,,,,,,y,
,22-103,,,,HYB,CBB GH,165_26B_85,220609,"ET,ME",,1.83,2.95,,30.5,,,,,,,,y,
,22-104,,,,HYB,CBB GH,165_26_01,220609,"ET,ME",,1.69,4.69,,4.93,,,,,,,,n,
,22-105,,,,HYB,CBB GH,165_26_05,220609,"ET,ME",,1.85,2.52,,51,,,,,,,,y,
,22-106,,,,HYB,CBB GH,165_26B_12,220609,"ET,ME",,1.81,3.3,,10.6,,,,,,,,y,
,22-107,,,,HYB,CBB GH,165_26_38,220609,"ET,ME",,1.75,4.24,,10.4,,,,,,,,y,
,22-108,,,,HYB,CBB GH,165_26C_110,220609,"ET,ME",,1.85,2.73,,55,,,,,,,,y,
,22-109,,,,HYB,CBB GH,165_26B_100,220609,"ET,ME",,1.84,3.15,,47.6,,,,,,,,y,
,22-110,,,,HYB,CBB GH,165_26_103,220609,"ET,ME",,1.87,2.89,,52,,,,,,,,y,
,22-111,,,,HYB,CBB GH,165_26_93,220609,"ET,ME",,1.87,2.8,,48.6,,,,,,,,y,
,22-112,,,,HYB,CBB GH,165_26B_81,220609,"ET,ME",,1.88,2.46,,,,,,,,,,y,
,22-113,,,,HYB,CBB GH,165_26B_83,220609,"ET,ME",,1.87,2.97,,59,,,,,,,,y,
,22-114,,,,HYB,CBB GH,165_26B_92,220629,ME,,1.87,2.37,,41.2,,,,,,,,y,
,22-115,,,,HYB,CBB GH,165_26B_46,220629,ME,,1.81,1.83,,29.8,,,,,,,,y,
,22-116,,,,HYB,CBB GH,165_26_42,220629,ME,,1.88,2.3,,17.3,,,,,,,,y,
,22-117,,,,HYB,CBB GH,165_26B_66,220629,ME,,1.88,2.38,,38.1,,,,,,,,y,
,22-118,,,,HYB,CBB GH,165_26_32,220629,ME,,1.85,2.31,,36.6,,,,,,,,y,
,22-119,,,,HYB,CBB GH,165_26B_86,220629,ME,,1.85,2.33,,35.9,,,,,,,,y,
,22-120,,,,HYB,CBB GH,165_26_96,220629,ME,,1.75,2.12,,14.9,,,,,,,,y,
,22-121,,,,HYB,CBB GH,165_26_69,220629,ME,,1.82,2.25,,24.2,,,,,,,,y,
,22-122,,,,HYB,CBB GH,165_26B_82,220629,ME,,1.65,1.76,,6.89,,,,,,,,n,
,22-123,,,,HYB,CBB GH,165_26_40,220629,ME,,1.84,2.15,,45.8,,,,,,,,y,
,22-124,,,,HYB,CBB GH,165_26B_80,220629,ME,,1.72,1.5,,14,,,,,,,,y,
,22-125,,,,HYB,CBB GH,165_26B_79,220629,ME,,1.78,1.65,,39.1,,,,,,,,y,
,22-126,,,,HYB,CBB GH,165_26_104,220720,ME,,1.88,2.23,,31.2,,,,,,,,y,
,22-127,,,,HYB,CBB GH,165_26c_112,220720,ME,,1.89,1.99,,58,,,,,,,,y,
,22-128,,,,HYB,CBB GH,165_26c_102,220720,ME,,1.87,1.97,,52,,,,,,,,y,
,22-129,,,,HYB,CBB GH,165_26_117,220720,ME,,1.87,2.11,,46.9,,,,,,,,y,
,22-130,,,,HYB,CBB GH,165_26c_109,220720,ME,,1.85,2.16,,26.5,,,,,,,,y,
,22-131,,,,HYB,CBB GH,165_26C_123,220720,ME,,1.87,2.1,,31.5,,,,,,,,y,
,22-132,,,,HYB,CBB GH,165_26_116,220720,ME,,1.87,1.84,,54,,,,,,,,y,
,22-133,,,,HYB,CBB GH,165_26b_101,220720,ME,,1.87,1.42,,10.7,,,,,,,,y,
,22-134,,,,HYB,CBB GH,165_26b_120,220720,ME,,1.87,2.09,,15.4,,,,,,,,y,
,22-135,,,,HYB,CBB GH,165_26c_113,220720,ME,,1.87,2.13,,53,,,,,,,,y,
,22-136,,,,HYB,CBB GH,165_26_95,220720,ME,,1.83,2.18,,38.9,,,,,,,,y,
,22-137,,,,HYB,CBB GH,165_26c_106,220720,ME,,1.86,2,,32,,,,,,,,y,
,22-138,,,,HYB,CBB GH,165_26e_157,220720,ME,,1.88,2.23,,53,,,,,,,,y,
,22-139,,,,HYB,CBB GH,165_26c_132,220720,ME,,1.85,1.99,,55,,,,,,,,y,
,22-140,,,,HYB,CBB GH,165_26d_156,220720,ME,,1.84,1.97,,55,,,,,,,,y,
,22-141,,,,HYB,CBB GH,165_26d_148,220720,ME,,1.86,2.11,,49.7,,,,,,,,y,
,22-142,,,,HYB,CBB GH,165_26e_140,220720,ME,,1.86,2.16,,59,,,,,,,,y,
,22-143,,,,HYB,CBB GH,165_26e_138,220720,ME,,1.86,2.1,,59,,,,,,,,y,
,22-144,,,,HYB,CBB GH,165_26d_154,220720,ME,,1.82,1.84,,11.2,,,,,,,,y,
,22-145,,,,HYB,CBB GH,165_26d_187,220720,ME,,1.78,1.42,,17.4,,,,,,,,y,
,22-146,,,,HYB,CBB GH,165_26e_190,220720,ME,,1.87,2.09,,,,,,,,,,y,
,22-147,,,,HYB,CBB GH,165_26d_170,220720,ME,,1.86,2.13,,,,,,,,,,y,
,22-148,,,,HYB,CBB GH,172_31d_86,220720,ME,,1.86,2.18,,,,,,,,,,y,
,22-149,,,,HYB,CBB GH,165_26d_161,220720,ME,,1.85,2,,,,,,,,,,y,
,22-150,,,,HYB,CBB GH,165_26d_141,220907,"ME, AK",,1.74,2.42,,48.4,,,Excellent ,,,,,,
,22-151,,,,HYB,CBB GH,165_26d_125,220907,"ME, AK",,1.78,1.39,,15,,,odd,,,,,,
,22-152,,,,HYB,CBB GH,165_26c_146,220907,"ME, AK",,1.69,2.64,,40.7,,,Excellent ,,,,,,
,22-153,,,,HYB,CBB GH,165_26b_183,220907,"ME, AK",,1.75,1.71,,14.4,,,low,,,,,,
,22-154,,,,HYB,CBB GH,165_26d_165,220907,"ME, AK",,1.71,1.59,,9.42,,,low,,,,,,
,22-155,,,,HYB,CBB GH,165_26d_155,220907,"ME, AK",,1.79,1.95,,36.1,,,slightly low,,,,,,
,22-156,,,,HYB,CBB GH,165_26c_160,220907,"ME, AK",,1.84,2.15,,43.5,,,Excellent ,,,,,,
,22-157,,,,HYB,CBB GH,165_26d_150,220907,"ME, AK",,1.82,2.01,,52,,,Excellent ,,,,,,
,22-158,,,,HYB,CBB GH,165_26c_131,220907,"ME, AK",,1.76,1.72,,7.03,,,Excellent ,,,,,,
,22-159,,,,HYB,CBB GH,165_26d_164,220907,"ME, AK",,,,,,,,,,,,needs re extraction,,
,22-160,,,,HYB,CBB GH,165_26c_128,220907,"ME, AK",,,,,,,, ,,,,needs re extraction,,
,22-161,,,,HYB,CBB GH,165_26d_126,220907,"ME, AK",,1.73,1.69,,7.34,,,low,,,,,,
,22-162,,,,HYB,CBB GH,165_26c_130,220907,"ME, AK",,1.79,2.52,,too high,,,Excellent ,,1:10,12.5,,,
,22-163,,,,HYB,CBB GH,165_26c_145,220907,"ME, AK",,1.83,2.18,,60,,,Excellent ,,,,,,
,22-164,,,,HYB,CBB GH,165_26c_118,220907,"ME, AK",,1.76,2.42,,too high,,,Excellent ,,1:10,9.64,,,
,22-165,,,,HYB,CBB GH,165_26c_144,220907,"ME, AK",,1.79,1.74,,27,,,Excellent ,,,,,,
,22-166,,,,HYB,CBB GH,165_26d_153,220907,"ME, AK",,1.78,1.81,,11.7,,,low,,,,,,
,22-167,,,,HYB,CBB GH,165_26d_127,220907,"ME, AK",,1.8,1.8,,22.1,,,Excellent ,,,,,,
,22-168,,,,HYB,CBB GH,165_26d_178,220907,"ME, AK",,1.73,1.74,,19,,,Excellent ,,,,,,
,22-169,,,,HYB,CBB GH,165_26e_158,220907,"ME, AK",,1.77,1.95,,21.1,,,Excellent ,,,,,,
,22-170,,,,HYB,CBB GH,165_26d_171,220907,"ME, AK",,1.8,2.11,,47.3,,,Excellent ,,,,,,
,22-171,,,,HYB,CBB GH,165_26d_175,220907,"ME, AK",,1.66,1.59,,8.72,,,low,,,,,,
,22-172,,,,HYB,CBB GH,165_26c_121,220907,"ME, AK",,1.82,2.12,,56,,,Excellent ,,,,,,
,22-173,,,,HYB,CBB GH,165_26e_139,220907,"ME, AK",,,,,,,,,,,,,,
,22-174,,,,HYB,CBB GH,165_26D_173,220921,"AK, ME",,1.83,2.15,,36.1,,,Excellent ,,,,,,
,22-175,,,,HYB,CBB GH,165_26D_176,220921,"AK, ME",,1.84,1.66,,12.1,,,Excellent ,,,,,,
,22-176,,,,HYB,CBB GH,165_26D_151,220921,"AK, ME",,1.87,2.38,,too high,,,Excellent ,,,11.8,,,
,22-177,,,,HYB,CBB GH,165_26D_164,220921,"AK, ME",,1.85,2.06,,39.9,,,Excellent ,,,,,,
,22-178,,,,HYB,CBB GH,165_26C_129,220921,"AK, ME",,1.87,2.31,,58,,,Excellent ,,,,,,
,22-179,,,,HYB,CBB GH,165_26C_114,220921,"AK, ME",,1.8,1.75,,13.8,,,low,,,,,,
,22-180,,,,HYB,CBB GH,165_26E_179,220921,"AK, ME",,1.8,1.71,,12.2,,,low,,,,,,
,22-181,,,,HYB,CBB GH,165_26B_191,220921,"AK, ME",,1.83,1.79,,17.4,,,low,,,,,,
,22-182,,,,HYB,CBB GH,165_26B_77,220921,"AK, ME",,1.77,1.06,,2.76,,,abnormal,,,,,,
,22-183,,,,HYB,CBB GH,165_26D_186,220921,"AK, ME",,1.79,1.56,,10.4,,,Excellent ,,,,,,
,22-184,,,,HYB,CBB GH,165_26E_180,220921,"AK, ME",,1.8,1.46,,15.3,,,Excellent ,,,,,,
,22-185,,,,HYB,CBB GH,165_26D_152,220921,"AK, ME",,1.79,1.72,,30.3,,,Excellent ,,,,,,
,22-186,,,,HYB,CBB GH,165_26D_162,220921,"AK, ME",,1.73,1.53,,5.42,,,flat,,,,,,
,22-187,,,,HYB,CBB GH,165_26D_124,220921,"AK, ME",,1.74,1.5,,5.82,,,low,,,,,,
,22-188,,,,HYB,CBB GH,165_26E_167,220921,"AK, ME",,1.76,1.5,,4.78,,,low,,,,,,
,22-189,,,,HYB,CBB GH,165_26B_168,220921,"AK, ME",,1.68,1.25,,2.63,,,low/flat,,,,,,
,22-190,,,,,CBB GH,62x62-126,220921,"AK, ME",,1.9,2.39,,too high,,,Excellent ,,,40.4,,,
,22-191,,,,,CBB GH,62x62-77,220921,"AK, ME",,1.86,2.14,,50,,,Excellent ,,,,,,
,22-192,,,,,CBB GH,39x39-55,220921,"AK, ME",,1.85,1.99,,too high,,,low,,,10.5,,,
,22-193,,,,,CBB GH,39x39-81,220921,"AK, ME",,1.83,1.89,,too high,,,low,,,10.1,,,
,22-194,,,,,CBB GH,C. bracteatus x lasius #39,220921,"AK, ME",,1.82,1.88,,52,,,low,,,,,,
,22-195,,,,HYB,CBB GH,165_009_45,220921,"AK, ME",,1.82,2.01,,55,,,Excellent ,,,,,,
,22-196,,,,HYB,CBB GH,165_009B_41,220921,"AK, ME",,1.83,2,,52,,,Excellent ,,,,,,
,22-197,,,,HYB,CBB GH,165_26C_210,220921,"AK, ME",,1.74,1.51,,18.6,,,low,,,,,,
,22-198,,,,HYB,CBB GH,165_26D_206,221003,"ME, AK",,,,,too low,,,,,,,,,
,22-199,,,,HYB,CBB GH,165_009_55,221003,"ME, AK",,1.67,1.16,,17,,,,,,,,,
,22-200,,,,HYB,CBB GH,165_009B_03,221003,"ME, AK",,1.78,1.63,,54,,,,,,,,,
,22-201,,,,HYB,CBB GH,165_009_73,221003,"ME, AK",,1.57,0.74,,3.83,,,,,,,,,
,22-202,,,,HYB,CBB GH,165_26E_196,221003,"ME, AK",,1.69,1.17,,13,,,,,,,,,
,22-203,,,,HYB,CBB GH,165_009_47,221003,"ME, AK",,1.79,1.57,,35.6,,,,,,,,,
,22-204,,,,HYB,CBB GH,165_009_16,221003,"ME, AK",,1.73,1.33,,26.2,,,,,,,,,
,22-205,,,,HYB,CBB GH,165_009B_70,221003,"ME, AK",,1.75,1,,12.8,,,,,,,,,
,22-206,,,,HYB,CBB GH,165_009_80,221003,"ME, AK",,1.74,1.37,,35.2,,,,,,,,,
,22-207,,,,HYB,CBB GH,165_26B_207,221003,"ME, AK",,1.79,1.64,,41.1,,,,,,,,,
,22-208,,,,HYB,CBB GH,165_009_48,221003,"ME, AK",,1.8,1.58,,24.6,,,,,,,,,
,22-209,,,,HYB,CBB GH,165_009_17,221003,"ME, AK",,1.83,1.88,,too high,,,Excellent ,,,,,,
,22-210,,,,HYB,CBB GH,165_26E_198,221003,"ME, AK",,1.77,1.43,,31.4,,,,,,,,,
,22-211,,,,HYB,CBB GH,165_009B_35,221003,"ME, AK",,1.8,1.6,,33.2,,,,,,,,,
,22-212,,,,HYB,CBB GH,165_26E_199,221003,"ME, AK",,1.86,2.05,,too high,,,,,,,,,
,22-213,,,,HYB,CBB GH,165_26E_201,221003,"ME, AK",,1.76,1.19,,12.2,,,,,,,,,
,22-214,,,,HYB,CBB GH,165_009_26,221003,"ME, AK",,1.74,1.2,,15.8,,,,,,,,,
,22-215,,,,HYB,CBB GH,165_26D_192,221003,"ME, AK",,1.73,1.07,,11.3,,,,,,,,,
,22-216,,,,HYB,CBB GH,165_26C_200,221003,"ME, AK",,,,,too low,,,,,,,,,
,22-217,,,,HYB,CBB GH,165_009_79,221003,"ME, AK",,1.81,1.88,,53,,,,,,,,,
,22-218,,,,HYB,CBB GH,165_009B_66,221003,"ME, AK",,1.76,1.85,,too high,,,Excellent ,,,,,,
,22-219,,,,HYB,CBB GH,165_009B_71,221003,"ME, AK",,,,,,,,,,,,contaminated during extraction and thrown out,,
,22-220,,,,HYB,CBB GH,165_009_86,221003,"ME, AK",,,,,,,,,,,,contaminated during extraction and thrown out,,
,22-221,,,,HYB,CBB GH,165_009_13,221003,"ME, AK",,1.81,1.53,,44.9,,,,,,,,,
,22_222,,,,HYB,CBB GH,165_009_52,221011,AK,,1.85,1.76,,44,,,excellent,,,,,,
,22_223,,,,HYB,CBB GH,165_009B_43,221011,AK,,1.79,1.29,,7.87,,,low,,,,,,
,22_224,,,,HYB,CBB GH,165_009_57,221011,AK,,1.83,1.7,,4.4,,,excellent,,,,,,
,22_225,,,,HYB,CBB GH,165_009_78,221011,AK,,1.85,1.85,,5.16,,,excellent,,,,,,
,22_226,,,,HYB,CBB GH,165_009B_40,221011,AK,,1.82,1.41,,1.77,,,low,,,,,,
,22_227,,,,HYB,CBB GH,165_009_20,221011,AK,,1.86,1.89,,35.6,,,excellent,,,,,,
,22_228,,,,HYB,CBB GH,165_009B_44,221011,AK,,1.77,1.29,,14.9,,,low,,,,,,
,22_229,,,,HYB,CBB GH,165_009_92,221011,AK,,1.53,0.75,,0.55,,,low,,,,,,
,22_230,,,,HYB,CBB GH,165_26B_212,221011,AK,,1.5,0.82,,2,,,low,,,,,,
,22_231,,,,HYB,CBB GH,165_009_50,221011,AK,,1.51,0.74,,0.74,,,low,,,,,,
,22_232,,,,HYB,CBB GH,165_009_18,221011,AK,,1.76,1.33,,7.77,,,excellent,,,,,,
,22_233,,,,HYB,CBB GH,165_009B_127,221011,AK,,1.65,1.06,,5.41,,,excellent,,,,,,
,22_234,,,,Costus wilsonii LC,Costa Rica ,KG82WILSLC,221017,ME,234.1,1.86,2.2,,too high,,,excellent,,,23.3,,,
,22_235,,,,Costus wilsonii LC,Costa Rica ,KG62WILSLC,221017,ME,141.9,1.85,2.05,,too high,,,excellent,,,12,,,
,22_236,,,,Costus wilsonii LC,Costa Rica ,KG64WILSLC,221017,ME,229.2,1.86,2.17,,too high,,,excellent,,,22.7,,,
,22_237,,,,Costus wilsonii LC,Costa Rica ,KG76WILSLC,221017,ME,238.4,1.87,2.2,,too high,,,excellent,,,20.5,,,
,22_238,,,,Costus wilsonii LC,Costa Rica ,KG74WILSLC,221017,ME,402.7,1.87,2.32,,too high,,,excellent,,,39,,,
,22_239,,,,Costus wilsonii LC,Costa Rica ,KG84WILSLC,221017,ME,249.7,1.88,2.34,,too high,,,excellent,,,24.2,,,
,22_240,,,,Costus wilsonii LC,Costa Rica ,KG61WILSLC,221017,ME,118.7,1.82,1.9,,too high,,,low,,,9.34,,,
,22_241,,,,Costus wilsonii LC,Costa Rica ,KG69WILSLC,221017,ME,132.4,1.85,2.05,,too high,,,low,,,10.7,,,
,22_242,,,,Costus wilsonii LA,Costa Rica ,PJ131WILSLA,221017,ME,202.4,1.85,2.09,,too high,,,excellent,,,16.8,,,
,22_243,,,,Costus wilsonii LA,Costa Rica ,PJ130WILSLA,221017,ME,196.3,1.91,2.09,,59,,,excellent,,,,,,
,22_244,,,,Costus wilsonii LA,Costa Rica ,KG39WILSLA,221017,ME,357,1.95,2.25,,too high,,,excellent,,,47.4,,,
,22_245,,,,Costus wilsonii LA,Costa Rica ,PJ132WILSLA,221017,ME,85,1.91,1.97,,31.5,,,low,,,,,,
,22_246,,,,Costus wilsonii LC,Costa Rica ,KG83WILSLC,221017,ME,114.2,1.84,1.92,,too high,,,low,,,9.06,,,
,22_247,,,,Costus wilsonii LA,Costa Rica ,PJ114WILSLA,221017,ME,300,1.91,2.17,,too high,,,excellent,,,31.7,,,
,22_248,,,,Costus wilsonii LA,Costa Rica ,KG54LA,221017,ME,316.2,1.85,2.2,,too high,,,excellent,,,29.6,,,
,22_249,,,,Costus wilsonii LA,Costa Rica ,KG53LA,221017,ME,178.6,1.93,1.97,,53,,,excellent,,,,,,
,22_250,,,,Costus wilsonii LA,Costa Rica ,KG50LA,221017,ME,131.2,1.83,2.01,,too high,,,excellent,,,10.6,,,
,22_251,,,,Costus wilsonii LA,Costa Rica ,LA_KG46,221017,ME,507.2,1.88,2.2,,too high,,,excellent,,,47.3,,,
,22_252,,,,Costus wilsonii LA,Costa Rica ,KG49LA,221017,ME,233.5,1.92,2.08,,50,,,excellent,,,,,,
,22_253,,,,Costus wilsonii LA,Costa Rica ,LA_KG48,221017,ME,468.2,1.88,2.23,,too high,,,excellent,,,41.5,,,
,22_254,,,,Costus wilsonii LA,Costa Rica ,KG40LA,221017,ME,193.2,1.93,2.07,,59,,,low,,,,,,
,22_255,,,,Costus wilsonii LA,Costa Rica ,KG59LA,221017,ME,258.7,1.88,2.14,,too high,,,excellent,,,34.2,,,
,22_256,,,,Costus wilsonii LA,Costa Rica ,KG52LA,221017,ME,313.8,1.9,2.16,,too high,,,excellent,,,23.7,,,
,22_257,,,,Costus wilsonii LA,Costa Rica ,KG58LA,221017,ME,274.2,1.88,2.26,,too high,,,excellent,,,24,,,
,22_258,,,,Costus wilsonii LA,Costa Rica ,KG41LA,221115,AK,,1.77,1.64,,too high,,,excellent,,,8.95,,,
,22_259,,,,Costus wilsonii LA,Costa Rica ,KG? (repeat) (see notes),221115,AK,,1.91,1.84,,49.1,,,excellent,,,,"no ID; location: 8*55'15""N, 82*50'27""W, collected on 220808",,
,22_260,,,,Costus wilsonii LA,Costa Rica ,see notes,221115,AK,472.3,1.97,2.19,,too high,,,excellent,,,30.6,"no ID; location: 8*55' 54""N, 82*49'53""W, collected on 220808, bag is unsire if it's KG 46 or 48",,
,22_261,,,,Costus wilsonii LA,Costa Rica ,see notes,221115,AK,197,1.82,1.99,,too high,,,excellent,,,19.9,"no plant ID; collected on 220727, labeled as 1) more red flowers",,
,22_262,,,,Costus wilsonii LA,Costa Rica ,see notes,221115,AK,159.5,1.84,1.91,,,,,excellent,,,10.6,"no plant id; collected on 220727, labeled as 2) less red flowers",,
,22_263,,,,Costus laevis,Costa Rica ,see notes,221115,AK,359,1.87,2.12,,,,,excellent,,,31.6,,,
,22_264,,,,HYB,CBB GH,165_016C_52,221115,AK,97.3,1.86,2.01,,too high,,,low-ish,,,6.2,,,
,22_265,,,,HYB,CBB GH,165_016_55,221115,AK,112.1,1.8,1.99,,15.66 x 5,,,excellent,,1:05,15.66,,,
,22_266,,,,HYB,CBB GH,165_025B_34,221115,AK,,1.75,1.8,,18.9,,,low,,,,,,
,22_267,,,,HYB,CBB GH,165_025B_31,221115,AK,,1.76,1.79,,36.5,,,excellent,,,,,,
,22_268,,,,HYB,CBB GH,165_016_16,221115,AK,139.6,1.82,1.97,,,,,excellent,,,11.7,,,
,22_269,,,,HYB,CBB GH,165_025B_53,221115,AK,,1.81,1.88,,51,,,excellent,,,,,,
,22_270,,,,HYB,CBB GH,165_016c_49,221207,AK,111.9,1.81,1.89,,too high,,,excellent,,,13.5,,,
,22_271,,,,HYB,CBB GH,165_016c_63,221207,AK,129.2,1.81,1.9,,too high,,,excellent,,,15.2,,,
,22_272,,,,HYB,CBB GH,165_016c_53,221207,AK,,1.82,1.9,,48,,,excellent,,,,,,
,22_273,,,,HYB,CBB GH,165_016c_54,221207,AK,150,1.81,1.93,,too high ,,,excellent,,,11.7,,,
,22_274,,,,HYB,CBB GH,165_016c_66,221207,AK,102.6,1.83,1.98,,too high ,,,excellent,,1:05,19.1,,,
,22_275,,,,HYB,CBB GH,165_016c_59,221207,AK,118.7,1.82,1.96,,too high ,,,excellent,,,14.6,,,
,22_276,,,,HYB,CBB GH,165_016c_65,221207,AK,,1.77,1.23,,14.4,,,low,,,13.2,,,
,22_277,,,,HYB,CBB GH,165_025_16,221207,AK,112.2,1.8,1.86,,too high,,,excellent,,1:05,20.3,,,
,22_278,,,,HYB,CBB GH,165_025_28,221207,AK,92.3,1.77,1.56,,too high,,,excellent,,,0.175,,,
,22_279,,,,HYB,CBB GH,165_025b_40,221207,AK,100.9,1.8,1.86,,15.56 x 5,,,excellent,,1:05,15.56,,,
,22_280,,,,HYB,CBB GH,165_025b_50,221207,AK,,1.78,1.53,,too low,,,low,,,,,,
,22_281,,,,HYB,CBB GH,165_025b_38,221207,AK,,1.63,0.73,,too low,,,low,,,,,,
,22_282,,,,HYB,CBB GH,165_016_02,221208,ME,,1.79,1.93,,15.25 x 5,,,excellent,,1:05,15.25,,,
,22_283,,,,HYB,CBB GH,165_016_07,221208,ME,,1.81,1.95,,16.47x 10,,,excellent,,1:10,16.47,,,
,22_284,,,,HYB,CBB GH,165_025_04,221208,ME,,1.81,2.1,,27.79 x 5,,,excellent,,1:05,27.79,,,
,22_285,,,,HYB,CBB GH,165_016B_25,221208,ME,,1.82,2.12,,16.05x 10,,,excellent,,1:10,16.05,,,
,22_286,,,,HYB,CBB GH,165_016B_26,221208,ME,,1.83,2.07,,19.96 x 5,,,excellent,,1:05,19.96,,,
,22_287,,,,HYB,CBB GH,165_016_19,221208,ME,,1.84,2.3,,29.51x10,,,excellent,,1:10,29.51,,,
,22_288,,,,HYB,CBB GH,165_016B_23,221208,ME,,1.82,2.11,,15.09x10,,,excellent,,1:10,15.09,,,
,22_289,,,,HYB,CBB GH,165_025_02,221208,ME,,1.84,2.2,,too low,,,excellent,,,,"don't sequence, unclear ID",,
,22_290,,,,HYB,CBB GH,165_016_04,221208,ME,,1.81,2,,too low,,,excellent,,,,,,
,22_291,,,,HYB,CBB GH,165_025_20,221208,ME,,1.84,2.16,,17.46x10,,,excellent,,1:10,17.46,,,
,22_292,,,,HYB,CBB GH,165_016_11,221208,ME,,1.84,2.18,,16.65x 10,,,excellent,,1:10,16.65,,,
,22_293,,,,HYB,CBB GH,165_025_15,221208,ME,,1.83,2.07,,12.1,,,excellent,,,,,,
,22_294,,,,HYB,CBB GH,165_025_12,221208,ME,,1.82,1.91,,45.7,,,excellent,,,,,,
,22_295,,,,HYB,CBB GH,165_025_09,221208,ME,,1.83,2.16,,33.46 x 5,,,excellent,,1:05,33.46,,,
,22_296,,,,HYB,CBB GH,165_016_12,221208,ME,,1.82,2.06,,too high,,,excellent,,1:10,13.2,,,
,22_297,,,,HYB,CBB GH,165_025_23,221208,ME,,1.84,2.23,,24.41x10,,,excellent,,1:10,24.41,,,
,22_298,,,,HYB,CBB GH,165_025_08,221208,ME,,1.83,2.17,,34.48 x 5,,,excellent,,1:05,34.48,,,
,22_299,,,,HYB,CBB GH,165_025_10,221208,ME,,1.82,1.98,,20.20x 10,,,excellent,,1:10,20.2,,,
,22_300,,,,HYB,CBB GH,165_025_18,221208,ME,,1.83,2.12,,12.24 x 5,,,excellent,,1:05,12.24,,,
,22_301,,,,HYB,CBB GH,165_016_14,221208,ME,,1.83,2.11,,16.79x 10,,,excellent,,1:10,16.79,,,
,22_302,,,,HYB,CBB GH,165_016_13,221208,ME,,1.82,2.03,,too low,,,excellent,,,,,,
,22_303,,,,HYB,CBB GH,165_016_08,221208,ME,,1.82,2.09,,12.07x10,,,excellent,,1:10,12.07,,,
,22_304,,,,HYB,CBB GH,165_025_06,221208,ME,,1.83,1.99,,10.57 x10,,,excellent,,1:10,10.57,,,
,22_305,,,,HYB,CBB GH,165_025_13,221208,ME,,1.82,2.09,,12.07 x 10,,,excellent,,1:10,12.07,,,
,22_306,,,,HYB,CBB GH,165_016B_43,221214,"AK, AD",,1.83,2.08,,11.03 x 10,,,excellent,,1:10,11.03,,,
,22_307,,,,HYB,CBB GH,165_025B_51,221214,"AK, AD",,1.83,2.04,,8.191 x10 ,,,excellent,,1:10,8.191,,,
,22_308,,,,HYB,CBB GH,165_16c_48,221214,"AK, AD",,1.84,2.22,,15.24 x 10,,,excellent,,1:10,15.24,,,
,22_309,,,,HYB,CBB GH,165_16C_56,221214,"AK, AD",,1.83,2.22,,13.09 x 10,,,excellent,,1:10,13.09,,,
,22_310,,,,HYB,CBB GH,165_16C_60,221214,"AK, AD",,1.82,2.08,,14.14 x 10,,,excellent,,1:10,14.14,,,
,22_311,,,,HYB,CBB GH,165_16C_61,221214,"AK, AD",,1.81,1.92,,15.60 x 10,,,excellent,,1:10,15.6,,,
,22_312,,,,HYB,CBB GH,165_25_22,221214,"AK, AD",,1.82,2.15,,12.60 x 10,,,excellent,,1:10,12.6,,,
,22_313,,,,HYB,CBB GH,165_16C_45,221214,"AK, AD",,1.81,2.14,,13.07 x 10,,,excellent,,1:10,13.07,,,
,22_314,,,,HYB,CBB GH,165_16_06,221214,"AK, AD",,1.82,2.04,,13.02 x 10,,,excellent,,1:10,13.02,,,
,22_315,,,,HYB,CBB GH,165_16B_37,221214,"AK, AD",121.9,1.77,1.71,,20.9 X 5,,,excellent,,1:05,20.9,,,
,22_316,,,,HYB,CBB GH,165_025_26,221214,"AK, AD",,1.82,2.1,,9.898 x 10,,,excellent,,1:10,9.898,,,
,22_317,,,,HYB,CBB GH,165_16B_34,221214,"AK, AD",,1.77,1.64,,too low,,,excellent,,,,,,
,22_318,,,,HYB,CBB GH,165_25_27,221214,"AK, AD",,1.78,1.73,,11.53 x 5,,,excellent,,1:05,11.53,,,
,22_319,,,,HYB,CBB GH,165_16B_28,221214,"AK, AD",,1.81,1.98,,11.40 x 10,,,excellent,,1:10,11.4,,,
,22_320,,,,HYB,CBB GH,165_25_25,221214,"AK, AD",,1.76,1.57,,6.07,,,excellent,,,,,,
,22_321,,,,HYB,CBB GH,165_16C_57,221214,"AK, AD",,1.69,1.41,,13.3,,,excellent,,,,,,
,22_322,,,,HYB,CBB GH,165_25B_55,221214,"AK, AD",,,,,,,,,,,,,,
,22_323,,,,HYB,CBB GH,165_25B_45,221214,"AK, AD",,1.74,1.55,,9.057 x 10,,,excellent,,1:10,9.057,,,
,22_324,,,,HYB,CBB GH,165_25B_49,221214,"AK, AD",,1.82,2.19,,9.90 x 10,,,excellent,,1:10,9.9,,,
,22_325,,,,HYB,CBB GH,165_25B_46,221214,"AK, AD",,1.81,2.07,,8.049 x 10,,,excellent,,1:10,8.049,,,
,22_326,,,,HYB,CBB GH,165_25B_47,221214,"AK, AD",,1.83,2.2,,15.66x 10,,,excellent,,1:10,15.66,,,
,22_327,,,,HYB,CBB GH,165_25B_41,221214,"AK, AD",,1.81,2.12,,18.6,,,excellent,,,,,,
,22_328,,,,HYB,CBB GH,165_25B_42,221214,"AK, AD",,1.81,2.04,,12.17 x 10,,,excellent,,1:10,12.17,,,
,22_329,,,,HYB,CBB GH,165_16_01,221214,"AK, AD",,1.67,1.25,,12.9,,,excellent,,,,,,
,23_001,,,,HYB,CBB GH,165_26B_226,230123,"AK, AD",,1.81,2.04,,-,,,excellent,,,4.45,,,
,23_002,,,,HYB,CBB GH,165_26B_230,230123,"AK, AD",,1.8,2.2,,13.85 x 5,,,excellent,,1:05,13.85,,,
,23_003,,,,HYB,CBB GH,165_26B_227,230123,"AK, AD",,1.77,1.96,,33.7,,,excellent,,,,,,
,23_004,,,,HYB,CBB GH,165_009B_203,230123,"AK, AD",,1.82,2.33,,20.95 x 5,,,excellent,,1:05,20.95,,,
,23_005,,,,HYB,CBB GH,165_26D_224,230123,"AK, AD",,1.8,2.04,,-,,,excellent,,,12.6,,,
,23_006,,,,HYB,CBB GH,165_009B_198,230123,"AK, AD",,1.8,2.12,,18.62 x 5,,,excellent,,1:05,18.62,,,
,23_007,,,,HYB,CBB GH,165_009B_197,230123,"AK, AD",,1.79,2.28,,15.72 x 5,,,excellent,,1:05,15.72,,,
,23_008,,,,HYB,CBB GH,165_009_202,230123,"AK, AD",,1.78,1.92,,19.68 x 5,,,excellent,,1:05,19.68,,,
,23_009,,,,HYB,CBB GH,165_009_198,230123,"AK, AD",,1.82,2.28,,-,,,excellent,,,15.6,,,
,23_010,,,,HYB,CBB GH,165_26C_228,230123,"AK, AD",,1.83,2.54,,too high,,,excellent,,,12.5,,,
,23_011,,,,HYB,CBB GH,165_009_200,230123,"AK, AD",,1.79,2.11,,16.39 x 5,,,excellent,,1:05,16.39,,,
,23_012,,,,HYB,CBB GH,165_009_195,230123,"AK, AD",,1.8,2.21,,-,,,excellent,,,12.7,,,
,23_013,,,,HYB,CBB GH,165_26C_226,230123,"AK, AD",,1.82,2.25,,-,,,excellent,,,12.5,,,
,23_014,,,,HYB,CBB GH,165_009B_196,230123,"AK, AD",,1.81,2.28,,-,,,excellent,,,27.3,,,
,23_015,,,,HYB,CBB GH,165_26C_229,230123,"AK, AD",,1.81,2.3,,56,,,excellent,,,,,,
,23_016,,,,HYB,CBB GH,165_009_109,230123,"AK, AD",,1.85,1.88,,41.8,,,excellent,,,,,,
,23_017,,,,HYB,CBB GH,165_009B_133,230123,"AK, AD",,1.78,1.87,,too high,,,excellent,,,8.11,,,
,23_018,,,,HYB,CBB GH,165_009_144,230123,"AK, AD",,1.73,1.54,,45.9,,,excellent,,,,,,
,23_019,,,,HYB,CBB GH,165_009_100,230123,"AK, AD",,1.79,2.28,,53,,,excellent,,,,,,
,23_020,,,,HYB,CBB GH,165_16B_42,230123,"AK, AD",,1.82,2.35,,16.49 x 5,,,excellent,,1:05,16.49,,,
,23_021,,,,HYB,CBB GH,165_009_176,230123,"AK, AD",,1.84,2.54,,12.40 x 10,,,excellent,,1:10,12.4,,,
,23_022,,,,HYB,CBB GH,165_16B_38,230123,"AK, AD",,1.79,1.78,,17.94 x 5,,,excellent,,1:05,17.94,,,
,23_023,,,,HYB,CBB GH,165_009B_64,230123,"AK, AD",,1.8,1.77,,29.5,,,excellent,,,,,,
,23_024,,,,HYB,CBB GH,165_009B_72,230123,"AK, AD",,1.83,2.35,,-,,18,excellent,,,7.57,,,
,23_025,,,,HYB,CBB GH,165_009_107,230130,AK,,1.83,2.33,,-,,21.2,excellent,,,8.04,,,
,23_026,,,,HYB,CBB GH,165_009B_118,230130,AK,,1.84,2.37,,4.91,,,excellent,,,,,,
,23_027,,,,HYB,CBB GH,165_009B_178,230130,AK,,1.82,2.38,,23.7,,,excellent,,,,,,
,23_028,,,,HYB,CBB GH,165_025_07,230130,AK,,1.83,2.25,,-,,19.3,excellent,,,9.52,,,
,23_029,,,,HYB,CBB GH,165_26D_217,230130,AK,,1.85,2.4,,-,,13.1,excellent,,,10.6,,,
,23_030,,,,HYB,CBB GH,165_26D_216,230130,AK,,1.69,2.27,,2.77,,,low,,,,,,
,23_031,,,,HYB,CBB GH,165_26B_215,230130,AK,,1.74,1.69,,5.42,,,low,,,,,,
,23_032,,,,HYB,CBB GH,165_009_82,230130,AK,,1.83,2.3,,too high,,,excellent,,,19.5,,,
,23_033,,,,HYB,CBB GH,165_009_54,230130,AK,,1.54,1.18,,1.2,,,low,,,,,,
,23_034,,,,HYB,CBB GH,165_009_76,230130,AK,,1.82,2.17,,36.9,,,excellent,,,,,,
,23_035,,,,HYB,CBB GH,165_009B_62,230130,AK,,1.77,2.27,,0.52,,,low,,,,,,
,23_036,,,,HYB,CBB GH,165_009B_125,230130,AK,,1.7,2.35,,1.18,,,low,,,,,,
,23_037,,,,HYB,CBB GH,165_009B_160,230130,AK,,1.81,2.21,,57,,,excellent,,,,,,
,23_038,,,,HYB,CBB GH,165_009B_150,230130,AK,,1.83,2.48,,-,,18,excellent,,,,,,
,23_039,,,,HYB,CBB GH,165_009B_142,230130,AK,,1.7,3.01,,9.47,,,low,,,,,,
,23_040,,,,HYB,CBB GH,165_009_93,230130,AK,,1.83,2.39,,-,,18,excellent,,,,,,
,23_041,,,,HYB,CBB GH,165_009_110,230130,AK,,1.82,2.23,,too high,,,excellent,,,7.61,,,
,23_042,,,,HYB,CBB GH,165_009_95,230130,AK,,1.74,1.96,,26.1,,,excellent,,,,,,
,23_043,,,,HYB,CBB GH,165_009_91,230130,AK,,1.71,2.16,,2.02,,,low,,,,,,
,23_044,,,,HYB,CBB GH,165_009B_140,230130,AK,,1.78,2.37,,30.6, ,,excellent,,,,,,
,23_045,,,,HYB,CBB GH,165_009_106,230130,AK,,1.75,1.96,,12.5,,,excellent,,,,,,
,23_046,,,,HYB,CBB GH,165_009B_192,230130,AK,,1.82,2.4,,34.6,,,excellent,,,,,,
,23_047,,,,HYB,CBB GH,165_009B_199,230130,AK,,1.8,2.2,,36.6,,,excellent,,,,,,
,23_048,,,,HYB,CBB GH,165_009B_63,230130,AK,,1.61,3.9,,4.2,,,low,,,,,,
,23_049,,,,HYB,CBB GH,165_009B_124,230201,ME,,1.83,2.37,,21.67 x 5,,,excellent,,1:05,21.67,,,
,23_050,,,,HYB,CBB GH,165_009_114,230201,ME,132.4,1.82,2.33,,132.4,,,excellent,,,3.89,check og qubit and add to plate if good,,
,23_051,,,,HYB,CBB GH,165_009_104,230201,ME,164.5,1.83,2.37,,33.64 x 5,,,excellent,,1:05,33.64,,,
,23_052,,,,HYB,CBB GH,165_009_112,230201,ME,,1.82,2.21,,,,,excellent,,,11.1,,,
,23_053,,,,HYB,CBB GH,165_26e_214,230201,ME,,,,,,,,,,,,,,
,23_054,,,,HYB,CBB GH,165_26e_219,230201,ME,162.2,1.84,2.03,,-,,,excellent,,,7.15,,,
,23_055,,,,HYB,CBB GH,165_025_17,230201,ME,158.2,1.83,2.2,,-,,,excellent,,,2.4,,,
,23_056,,,,HYB,CBB GH,165_025_21,230201,ME,,1.82,2.12,,13.9,,,excellent,,,,,,
,23_057,,,,HYB,CBB GH,165_0025_11,230201,ME,,1.82,2.19,,1.53,,,low,,,,,,
,23_058,,,,HYB,CBB GH,165_016_20,230201,ME,,1.84,2.24,,1.09,,,excellent,,,,,,
,23_059,,,,HYB,CBB GH,165_016_15,230201,ME,100.9,1.83,2.01,,-,,,excellent,,,6.27,,,
,23_060,,,,HYB,CBB GH,165_016_03,230201,ME,108.8,1.84,2.34,,-,,,excellent,,,7.35,,,
,23_061,,,,HYB,CBB GH,165_009_90,230201,ME,120.5,1.83,2.19,,-,,,excellent,,,5.79,,,
,23_062,,,,HYB,CBB GH,165_009_51,230201,ME,,1.81,2.08,,30.2,,,excellent,,,,,,
,23_063,,,,HYB,CBB GH,165_009_75,230201,ME,,1.83,2.3,,,,,excellent,,,10.9,,,
,23_064,,,,HYB,CBB GH,165_009_94,230201,ME,,1.61,1.01,,5.14,,,low,,,,,,
,23_065,,,,HYB,CBB GH,165_009_97,230201,ME,,,,,,,,,,,,,,
,23_066,,,,HYB,CBB GH,165_009_98,230201,ME,74.3,1.8,2.07,,too high,,,excellent,,,5.32,,,
,23_067,,,,HYB,CBB GH,165_009_105,230201,ME,127.5,1.83,2.26,,-,,,excellent,,,13.5,,,
,23_068,,,,HYB,CBB GH,165_009_108,230201,ME,,1.76,1.57,,17.6,,,low,,,,,,
,23_069,,,,HYB,CBB GH,165_009_113,230201,ME,,1.82,2.01,,17.7,,,excellent,,,,,,
,23_070,,,,HYB,CBB GH,165_009_186,230201,ME,101.7,1.82,2.2,,18.1 x 5,,,excellent,,1:05,18.1,,,
,23_071,,,,HYB,CBB GH,165_009B_106,230201,ME,,1.81,2.24,,52,,,excellent,,,,,,
,23_072,,,,HYB,CBB GH,165_009B_67,230201,ME,,1.81,2.15,,48.2,,,excellent,,,,,,
,23_073,,,,HYB,CBB GH,165_009B_139,230209,AK,97,1.82,2.17,,too high,,,excellent,,,8.02,,,
,23_074,,,,HYB,CBB GH,165_25_03,230209,AK,83.9,1.83,2.17,,too high,,,excellent,,,7.56,,,
,23_075,,,,HYB,CBB GH,165_25_14,230209,AK,,1.79,1.84,,-,,,excellent,,,12.6,,,
,23_076,,,,HYB,CBB GH,165_26_223,230209,AK,,1.8,2.15,,60,,,excellent,,,,,,
,23_077,,,,HYB,CBB GH,165_009B_182,230209,AK,,1.78,2.12,,58,,,excellent,,,,,,
,23_078,,,,HYB,CBB GH,165_009_96,230209,AK,,1.76,1.7,,53,,,excellent,,,,,,
,23_079,,,,HYB,CBB GH,165_009B_181,230209,AK,,1.8,2.1,,,,,excellent,,,11.8,,,
,23_080,,,,HYB,CBB GH,165_009_165,230209,AK,,1.81,2.14,,25.31 x 5,,,excellent,,1:05,25.31,,,
,23_081,,,,HYB,CBB GH,165_009B_193,230209,AK,,1.79,1.96,,,,,excellent,,,11.9,,,
,23_082,,,,HYB,CBB GH,165_009_58,230209,AK,,1.79,2.14,,,,,excellent,,,9.66,,,
,23_083,,,,HYB,CBB GH,165_009B_184,230209,AK,85.2,1.8,2.09,,too high,,,excellent,,,6.79,,,
,23_084,,,,HYB,CBB GH,165_009_88,230209,AK,164.2,1.81,2.2,,-,,,excellent,,,18.2,,,
,23_085,,,,HYB,CBB GH,165_009_189,230209,AK,75.8,1.77,1.83,,too high,,,excellent,,,5,,,
,23_086,,,,HYB,CBB GH,165_009B_151,230209,AK,139.8,1.81,2.27,,-,,,excellent,,,14.1,,,
,23_087,,,,HYB,CBB GH,165_009B_147,230209,AK,76.4,1.76,1.77,,too high,,,excellent,,,5.15,,,
,23_088,,,,HYB,CBB GH,165_009B_167,230209,AK,,1.69,1.72,,20.7,,,low,,,,,,
,23_089,,,,HYB,CBB GH,165_009B_154,230209,AK,,1.45,0.72,,1,,,low,,,,,,
,23_090,,,,HYB,CBB GH,165_009B_166,230209,AK,,1.79,2.06,,too high,,,excellent,,,,,,
,23_091,,,,HYB,CBB GH,165_009_74,230209,AK,,1.27,0.62,,0.32,,,low,,,,,,
,23_092,,,,HYB,CBB GH,165_009B_157,230209,AK,,1.8,2.19,,too high,,,excellent,,,,,,
,23_093,,,,HYB,CBB GH,165_009B_161,230209,AK,,1.5,0.68,,11.8,,,weird (-1 slope),renanodrop maybe,,,,,
,23_094,,,,HYB,CBB GH,165_009B_123,230209,AK,,1.74,1.55,,32.8,,,excellent,,,,,,
,23_095,,,,HYB,CBB GH,165_009_173,230209,AK,,1.74,1.54,,21.1,,,excellent,,,,,,
,23_096,,,,HYB,CBB GH,165_009B_110,230209,AK,,1.72,1.39,,16.3,,,excellent,,,,,,
,23_097,,,,HYB,CBB GH,165_009B_122,230213,ME,,1.83,2.25,,9.46,,,excellent,,,,,,
,23_098,,,,HYB,CBB GH,165_009B_179,230213,ME,,1.8,1.74,,28.1,,,excellent,,,,,,
,23_099,,,,HYB,CBB GH,165_009B_183,230213,ME,,1.82,1.88,,39.7,,,excellent,,,,,,
,23_100,,,,HYB,CBB GH,165_009B_187,230213,ME,,1.76,1.62,,-,,13,excellent,,,,,,
,23_101,,,,HYB,CBB GH,165_009B_171,230213,ME,,1.78,1.8,,44.1,,,excellent,,,,,,
,23_102,,,,HYB,CBB GH,165_009B_130,230213,ME,,1.7,1.09,,12.3,,,excellent,,,,,,
,23_103,,,,HYB,CBB GH,165_009B_170,230213,ME,,1.73,1.23,,12.6,,,excellent,,,,,,
,23_104,,,,HYB,CBB GH,165_009_146,230213,ME,,1.79,1.8,,45.5,,,excellent,,,,,,
,23_105,,,,HYB,CBB GH,165_009_185,230213,ME,,1.83,2.17,,21,,,excellent,,,,,,
,23_106,,,,HYB,CBB GH,165_009B_152,230213,ME,,1.82,2.18,,16.1,,,excellent,,,,,,
,23_107,,,,HYB,CBB GH,165_009_136,230213,ME,,1.8,1.94,,19,,,excellent,,,,,,
,23_108,,,,HYB,CBB GH,165_009B_155,230213,ME,,1.81,1.97,,too high,,,excellent,,,,,,
,23_109,,,,HYB,CBB GH,165_009B_168,230213,ME,,1.67,1.28,,16.5,,,excellent,,,,,,
,23_110,,,,HYB,CBB GH,165_009_102,230213,ME,,1.84,2.27,,,,19.6,excellent,,,,,,
,23_111,,,,HYB,CBB GH,165_26D_218,230213,ME,,1.59,0.72,,3.85,,,excellent,,,,,,
,23_112,,,,HYB,CBB GH,165_26D_213,230213,ME,,1.81,1.97,,too high,,,excellent,,,,,,
,23_113,,,,HYB,CBB GH,165_009B_115,230213,ME,,1.84,1.32,,13.8,,,excellent,,,,,,
,23_114,,,,HYB,CBB GH,165_009B_112,230213,ME,,1.79,1.55,,19.3,,,excellent,,,,,,
,23_115,,,,HYB,CBB GH,165_009_111,230213,ME,,1.79,1.52,,18.6,,,excellent,,,,,,
,23_116,,,,HYB,CBB GH,165_009_87,230213,ME,,1.82,1.71,,27.1,,,excellent,,,,,,
,23_117,,,,HYB,CBB GH,165_009B_156,230213,ME,,1.83,1.83,,51,,,excellent,,,,,,
,23_118,,,,HYB,CBB GH,165_009B_113,230213,ME,,1.79,1.46,,21.5,,,excellent,,,,,,
,23_119,,,,HYB,CBB GH,165_009_84,230213,ME,,1.81,1.4,,18.3,,,excellent,,,,,,
,23_120,,,,HYB,CBB GH,165_009B_149,230213,ME,,1.83,1.48,,30.1,,,excellent,,,,,,
,23_121,,,,HYB,CBB GH,165_009_145,230216,AK,,1.3,1.2,,9.37,,,weird,,,,,,
,23_122,,,,HYB,CBB GH,165_009_164,230216,AK,,1.81,2.28,,16.8,,,excellent,,,,,,
,23_123,,,,HYB,CBB GH,165_009B_116,230216,AK,,1.72,2.1,,40.6,,,excellent,,,,,,
,23_124,,,,HYB,CBB GH,165_25_24,230216,AK,,1.76,2.01,,too high,,,excellent,,,,,,
,23_125,,,,HYB,CBB GH,165_009B_107,230216,AK,,1.18,0.74,,3.5,,,low,,,,,,
,23_126,,,,HYB,CBB GH,165_009_103,230216,AK,,1.4,1.18,,11.8,,,excellent,,,,,,
,23_127,,,,HYB,CBB GH,165_009B_117,230216,AK,,0.86,0.7,,2.76,,,low,,,,,,
,23_128,,,,HYB,CBB GH,165_009_163,230216,AK,,1.45,1.36,,13,,,excellent,,,,,,
,23_129,,,,HYB,CBB GH,165_009B_169,230216,AK,,1.84,2.32,,21.3,,,excellent,,,,,,
,23_130,,,,HYB,CBB GH,165_009B_121,230216,AK,,1.57,1.44,,16.7,,,low,,,,,,
,23_131,,,,HYB,CBB GH,165_009B_138,230216,AK,,1.83,2.3,,19,,,excellent,,,,,,
,23_132,,,,HYB,CBB GH,165_009B_132,230216,AK,,,,,,,,,,,,,,
,23_133,,,,HYB,CBB GH,165_009_134,230216,AK,,1.79,2.14,,too high,,,excellent,,,,,,
,23_134,,,,HYB,CBB GH,165_009_135,230216,AK,,1.68,1.43,,48.2,,,excellent,,,,,,
,23_135,,,,HYB,CBB GH,165_009_188,230216,AK,,1.81,2.2,,13.1,,,excellent,,,,,,
,23_136,,,,HYB,CBB GH,165_009_194,230216,AK,,1.82,2.22,,15.3,,,excellent,,,,,,
,23_137,,,,HYB,CBB GH,165_26E_221,230216,AK,,1.77,1.99,,to high,,,excellent,,,,,,
,23_138,,,,HYB,CBB GH,165_26B_222,230216,AK,,1.8,2.17,,36,,,excellent,,,,,,
,23_139,,,,HYB,CBB GH,165_009B_143,230216,AK,,1.8,2.24,,too high,,,excellent,,,9.59,,,
,23_140,,,,HYB,CBB GH,165_009_137,230216,AK,,1.77,2.13,,41.7,,,excellent,,,,,,
,23_141,,,,HYB,CBB GH,165_009_81,230216,AK,,1.07,0.64,,2.86,,,low,,,,,,
,23_142,,,,HYB,CBB GH,165_009B_34,230216,AK,,1.81,2.24,,40.6,,,excellent,,,9.23,,,
,23_143,,,,HYB,CBB GH,165_009_24,230216,AK,,1.75,2.07,,50,,,excellent,,,,,,
,23_144,,,,HYB,CBB GH,165_26B_211,230216,AK,,1.8,2.15,,too high,,,excellent,,,,,,
,23_145,,,,HYB,CBB GH,165_019_12,230223,AK,,1.81,1.66,,27.9,,,excellent,,,,,,
,23_146,,,,HYB,CBB GH,165_019_13,230223,AK,,1.82,2.18,,,,,excellent,,,11.5,,,
,23_147,,,,HYB,CBB GH,165_025B_57,230223,AK,,1.8,2.08,,33.6,,,excellent,,,,,,
,23_148,,,,HYB,CBB GH,165_019_14,230223,AK,,1.71,1.71,,31.5,,,excellent,,,,,,
,23_149,,,,HYB,CBB GH,165_009_212,230223,AK,,1.81,2.19,,too low,,,excellent,,,,,,
,23_150,,,,HYB,CBB GH,165_026B_233,230223,AK,,1.78,2.03,,46.3,,,excellent,,,,,,
,23_151,,,,HYB,CBB GH,165_019_15,230223,AK,,1.81,2.23,,9.26,,,excellent,,,,,,
,23_152,,,,HYB,CBB GH,165_019_18,230223,AK,,1.82,2.14,,12.9,,,excellent,,,,,,
,23_153,,,,HYB,CBB GH,165_019_23,230223,AK,,1.78,2.07,,51,,,excellent,,,,,,
,23_154,,,,HYB,CBB GH,165_009B_216,230223,AK,,1.73,1.84,,24.4,,,excellent,,,,,,
,23_155,,,,HYB,CBB GH,165_009B_214,230223,AK,104,1.8,2.17,,-,,,excellent,,,10.4,,,
,23_156,,,,HYB,CBB GH,165_019_09_09,230223,AK,,1.79,2.11,,43.4,,,excellent,,,,,,
,23_157,,,,HYB,CBB GH,165_009_213,230223,AK,,1.79,2.13,,39.5,,,excellent,,,,,,
,23_158,,,,HYB,CBB GH,165_26B_237,230223,AK,109,1.81,2.25,,-,,,excellent,,,10.9,,,
,23_159,,,,HYB,CBB GH,165_009_220,230223,AK,105,1.82,2.26,,-,,,excellent,,,10.5,,,
,23_160,,,,HYB,CBB GH,165_009_210,230223,AK,,1.8,2.13,,46,,,excellent,,,,,,
,23_161,,,,HYB,CBB GH,165_019_27,230223,AK,134,1.82,2.22,,-,,,excellent,,,13.4,,,
,23_162,,,,HYB,CBB GH,165_019_16,230223,AK,,1.8,2.2,,49.6,,,excellent,,,,,,
,23_163,,,,HYB,CBB GH,165_019_217,230223,AK,,1.47,1.13,,9.35,,,low,,,,,,
,23_164,,,,HYB,CBB GH,165_009B_32,230223,AK,,1.81,2.19,,,,,excellent,,,10.7,,,
,23_165,,,,HYB,CBB GH,165_009B_7,230223,AK,,1.82,2.2,,,,,excellent,,,14.4,,,
,23_166,,,,HYB,CBB GH,165_009_25,230223,AK,,1.83,2.24,,,,,excellent,,,too low,,,
,23_167,,,,HYB,CBB GH,165_009_22,230223,AK,,1.83,2.22,,,,,excellent,,,8.88,,,
,23_168,,,,HYB,CBB GH,165_009B_31,230223,AK,,1.81,1.94,,,,,excellent,,,6.78,,,
,23_169,,,,HYB,CBB GH,165_009_27,230303,AK,,1.83,2.05,,57,,,,,,,,,
,23_170,,,,HYB,CBB GH,165_009B_69,230303,AK,,1.81,2.18,,59,,,,,,,,,
,23_171,,,,HYB,CBB GH,165_009B_11,230303,AK,,1.83,2.24,,,,,,,,10.3,,,
,23_172,,,,HYB,CBB GH,165_009B_10,230303,AK,,1.83,2.26,,,,,,,,13.6,,,
,23_173,,,,HYB,CBB GH,165_009_83,230303,AK,,1.81,1.76,,10.9,,,,,,,,,
,23_174,,,,HYB,CBB GH,165_009_49,230303,AK,,1.81,2.06,,58,,,,,,,,,
,23_175,,,,HYB,CBB GH,165_009_89,230303,AK,,1.69,1.47,,6.45,,,,,,,,,
,23_176,,,,HYB,CBB GH,165_009B_36,230303,AK,,1.79,2.11,,too high ,,,,,,,,,
,23_177,,,,HYB,CBB GH,165_009B_111,230303,AK,,1.78,1.92,,36.3,,,,,,,,,
,23_178,,,,HYB,CBB GH,165_009B_60,230303,AK,,1.8,2.09,,59,,,,,,,,,
,23_179,,,,HYB,CBB GH,165_009B_42,230303,AK,,1.81,2.19,,8.73,,,,,,,,,
,23_180,,,,HYB,CBB GH,165_009_46,230303,AK,,1.8,2.07,,too high,,,,,,,,,
,23_181,,,,HYB,CBB GH,165_009B_33,230303,AK,,1.78,1.98,,too high,,,,,,,,,
,23_182,,,,HYB,CBB GH,165_009B_9,230303,AK,,1.8,2.18,,too high,,,,,,,,,
,23_183,,,,HYB,CBB GH,165_009_21,230303,AK,,1.78,2.02,,38.4,,,,,,,,,
,23_184,,,,HYB,CBB GH,165_009B_28,230303,AK,,1.79,2.09,,too high,,,,,,,,,
,23_185,,,,HYB,CBB GH,165_009_53,230303,AK,,1.81,2.21,,too high,,,,,,,,,
,23_186,,,,HYB,CBB GH,165_009_23,230303,AK,,1.82,2.21,,too high,,,,,,,,,
,23_187,,,,HYB,CBB GH,165_26E_194,230303,AK,,1.78,2.04,,38,,,,,,,,,
,23_188,,,,HYB,CBB GH,165_26B_208,230303,AK,,1.81,2.17,,too high,,,,,,,,,
,23_189,,,,HYB,CBB GH,165_26E_202,230303,AK,,1.8,2.14,,too high,,,,,,,,,
,23_190,,,,HYB,CBB GH,165_26C_195,230303,AK,,1.79,1.96,,25.6,,,,,,,,,
,23_191,,,,HYB,CBB GH,165_009B_4,230303,AK,,1.83,2.22,,,,,,,,13.5,,,
,23_192,,,,HYB,CBB GH,165_26B_193,230303,AK,,1.81,2.16,,too high,,,,,,,,,
,23_193,,,,HYB,CBB GH,165_009B_8,230316,"AK, AD",,1.81,2.23,,45.3,,,,,,,,,
,23_194,,,,HYB,CBB GH,165_009_12,230316,"AK, AD",,1.81,2.21,,too high,,11.7,,,,,,,
,23_195,,,,HYB,CBB GH,165_009B_02,230316,"AK, AD",,1.82,2.27,,,,11.6,,,,,,,
,23_196,,,,HYB,CBB GH,165_26D_197,230316,"AK, AD",,1.69,1.32,,8.95,,,,,,,,,
,23_197,,,,HYB,CBB GH,165_009_58,230316,"AK, AD",,1.79,1.97,,46.2,,,,,,,,,
,23_198,,,,HYB,CBB GH,165_009_15,230316,"AK, AD",,1.8,2.01,,49.8,,,,,,,,,
,23_199,,,,HYB,CBB GH,165_009_99,230316,"AK, AD",,1.8,2.18,,,,11.5,,,,,,,
,23_200,,,,HYB,CBB GH,165_009_19,230316,"AK, AD",,1.76,1.89,,50,,,,,,,,,
,23_201,,,,HYB,CBB GH,165_009B_105,230316,"AK, AD",,1.76,1.93,,44.8,,,,,,,,,
,23_202,,,,HYB,CBB GH,165_009B_114,230316,"AK, AD",,1.77,2,,52,,,,,,,,,
,23_203,,,,HYB,CBB GH,165_009B_59,230316,"AK, AD",,1.75,1.65,,20.7,,,,,,,,,
,23_204,,,,HYB,CBB GH,165_26C_209,230316,"AK, AD",,1.76,1.92,,47.6,,,,,,,,,
,23_205,,,,HYB,CBB GH,165_009_85,230316,"AK, AD",,1.8,2.09,,,,8.72,,,,,,,
,23_206,,,,HYB,CBB GH,165_019_19,230316,"AK, AD",,1.76,1.88,,44,,,,,,,,,
,23_207,,,,Chen F2 archival tissues,,X1-029,230418,"AK,JH",,,,,,,,,,,,,,
,23_208,,,,Chen F2 archival tissues,,X1-034,230418,"AK,JH",,,,,,,,,,,,,,
,23_209,,,,Chen F2 archival tissues,,X1-037,230418,"AK,JH",,,,,,,,,,,,,,
,23_210,,,,Chen F2 archival tissues,,X1-080,230418,"AK,JH",,,,,,,,,,,,,,
,23_211,,,,Chen F2 archival tissues,,X1-111,230418,"AK,JH",,,,,,,,,,,,,,
,23_212,,,,Chen F2 archival tissues,,X2-058,230418,"AK,JH",,,,,,,,,,,,,,
,23_213,,,,Chen F2 archival tissues,,X2-126,230418,"AK,JH",,,,,,,,,,,,,,
,23_214,,,,Chen F2 archival tissues,,X2-137,230418,"AK,JH",,,,,,,,,,,,,,
,23_215,,,,HYB re-extraction,CBB GH,165_016B_34,230509,AK,63.9,1.86,2.2,,38.5,,,excellent,,,,,,
,23_216,,,,HYB re-extraction,CBB GH,165_009_89,230509,AK,26.1,1.79,1.82,,21.4,,,excellent,,,,,,
,23_217,,,,HYB re-extraction,CBB GH,165_26_01,230509,AK,59.9,1.81,2.06,,28.7,,,excellent,,,,,,
,23_218,,,,HYB re-extraction,CBB GH,165_009B_127,230509,AK,56.3,1.82,2.13,,47.7,,,excellent,,,,,,
,23_219,,,,HYB re-extraction,CBB GH,165_26B_11,230509,AK,76.4,1.81,2.27,,33.5,,,excellent,,,,,,
,23_220,,,,HYB re-extraction,CBB GH,165_26B_82,230509,AK,132.2,1.82,2.26,,25.5 x 5,,,excellent,,1:05,25.5,,,
,23_221,,,,HYB re-extraction,CBB GH,165_26B_101,230509,AK,92,1.82,2.26,,12.7 x 5,,,excellent,,1:05,12.7,,,
,23_222,,,,HYB re-extraction,CBB GH,165_009b_107,230509,AK,102.9,1.85,2.25,,22.5 x 5,,,excellent,,1:05,22.5,,,
,23_223,,,,HYB re-extraction,CBB GH,165_26E_214,230509,AK,105.1,1.86,2.2,,23.6 x 5,,,excellent,,1:05,23.6,,,
,23_224,,,,HYB re-extraction,CBB GH,165_009_212,230509,AK,168,1.89,2.27,,10.5 x 5,,,excellent,,1:05,10.5,,,
,23_225,,,,HYB re-extraction,CBB GH,165_16_20,230509,AK,99.4,1.86,2.22,,20.6 x 5,,,excellent,,1:05,20.6,,,
,23_226,,,,HYB re-extraction,CBB GH,165_26_55,230509,AK,122.8,1.87,2.21,,25.8 x 5,,,excellent,,1:05,25.8,,,
,23_227,,,,HYB re-extraction,CBB GH,165_26C_200,230509,AK,72.2,1.88,2.2,,46.3,,,excellent,,,,,,
,23_228,,,,HYB re-extraction,CBB GH,165_26_01,230509,AK,46.4,1.85,1.94,,40.3,,,excellent,,,,,,
,23_229,,,,HYB re-extraction,CBB GH,165_26D_206,230509,AK,101.3,1.87,2.27,,20.3 x 5,,,excellent,,1:05,20.3,,,
,23_230,,,,HYB re-extraction,CBB GH,165_009b_154,230509,AK,62.9,1.85,2.09,,45.5,,,excellent,,,,,,
,23_231,,,,HYB re-extraction,CBB GH,165_26_58,230509,AK,92.9,1.85,2.16,,54,,,excellent,,,,,,
,23_232,,,,HYB,CBB GH,165_009B_219,230509,AK,152.1,1.85,2.11,,26.2 x 5,,,excellent,,1:05,26.2,,,
,23_233,,,,HYB re-extraction,CBB GH,165_009B_209,230530,AK,241,1.88,2.29,,42.7 x 5,,,,,1:05,42.7,,,
,23_234,,,,HYB re-extraction,CBB GH,165_26B_235,230530,AK,174.6,1.96,2.36,,57,,,,,,,,,
,23_235,,,,HYB re-extraction,CBB GH,165SLF_26B_50,230530,AK,186,1.89,2.29,,36.5 x 5,,,,,1:05,36.5,,,
,23_236,,,,HYB re-extraction,CBB GH,165_SLF_26B_21,230530,AK,166.4,1.91,2.32,,35.1 x 5,,,,,1:05,35.1,,,
,23_237,,,,HYB re-extraction,CBB GH,165_26B_65,230530,AK,184.8,1.91,2.34,,56,,,,,,,,,
,23_238,,,,HYB re-extraction,CBB GH,165_SLF_26_3,230530,AK,93.4,1.94,2.15,,57,,,,,,,,,
,23_239,,,,HYB re-extraction,CBB GH,165_019_21,230530,AK,128,1.93,2.26,,56,,,,,,,,,
,23_240,,,,HYB re-extraction,CBB GH,165_26C_120,230530,AK,87,1.92,2.17,,54,,,,,,,,,
,23_241,,,,HYB re-extraction,CBB GH,165_009B_215,230530,AK,130.4,1.89,2.28,,49.3,,,,,,,,,
,23_242,,,,HYB re-extraction,CBB GH,165_009_172,230530,AK,149.3,1.9,2.24,,58,,,,,,,,,
,23_243,,,,HYB re-extraction,CBB GH,165_016_31,230530,AK,158,1.99,2.27,,51,,,,,,,,,
,23_244,,,,HYB re-extraction,CBB GH,165_016_39,230530,AK,71.5,1.91,2.13,,59,,,,,,,,,
,23_245,,,,HYB re-extraction,CBB GH,165_019_22,230530,AK,133.9,1.9,2.19,,29.5 x 5,,,,,1:05,29.5,,,
,23_246,,,,HYB re-extraction,CBB GH,165_25B_50,230530,AK,72,1.84,1.84,,46.7,,,,,,,,,
,23_247,,,,HYB re-extraction,CBB GH,165_009B_218,230530,AK,163.8,1.88,2.26,,37.5 x 5,,,,,1:05,37.5,,,
,23_248,,,,Leptosiphon parviflorus,McLaughlin Grid,grid 16-PINK,230613,AK,213.3,1.83,2.02,,34.3 x 5,,,,,1:05,34.3,,,
,23_249,,,,Leptosiphon parviflorus,wantrup pink,wantrup pink-PINK,230613,AK,97.6,1.82,1.92,,47.9,,,,,,,,,
,23_250,,,,Leptosiphon parviflorus,Lunch meadow west-McLaughlin,LM 2- WHITE,230613,AK,180.6,1.82,2.04,,33.7 x 5,,,,,1:05,33.7,,,
,23_251,,,,Leptosiphon parviflorus,east glenwood preserve,east glenwood-WHITE,230613,AK,105.9,1.83,2.03,,17.5 x 5,,,,,1:05,17.5,,,
,23_252,,,,Leptosiphon parviflorus,upper marshall field,upper marshall field-WHITE,230613,AK,128.2,1.83,2.07,,24.4 x 5,,,,,1:05,24.4,,,
,23_253,,,,Leptosiphon parviflorus,olympia conservation area,oca-WHITE,230613,AK,94.6,1.82,1.96,,18.3 x 5,,,,,1:05,18.3,,,
,23_254,,,,Leptosiphon parviflorus,Hastings reserve-poison oak hill,poison oak hill- WHITE,230613,AK,36.7,1.72,1.38,,25.2,,,,,,,,,
,23_255,,,,Leptosiphon parviflorus,South ridge conservation area- quail hollow quarry,srqh-WHITE,230613,AK,144.5,1.82,2.02,,22.2 x 5,,,,,1:05,22.2,,,
,23_256,,,,Leptosiphon parviflorus,McLaughlin Grid,grid 9- PINK,230622,AK,143.8,1.8,1.66,,23.6 x 5,,,excellent,,1:05,23.6,,,
,23_257,,,,Leptosiphon parviflorus,McLaughlin Grid,grid 6-WHITE,230622,AK,177.1,1.84,2.05,,31.3 x 5,,,excellent,,1:05,31.3,,,
,23_258,,,,Leptosiphon parviflorus,McLaughlin Grid,grid 18- WHITE,230622,AK,128,1.84,1.98,,21.7 x 5,,,excellent,,1:05,21.7,,,
,23_259,,,,Leptosiphon parviflorus,east glenwood preserve,east glenwood-WHITE,230622,AK,74.5,1.85,1.87,,45.3,,,excellent,,,,,,
,23_260,,,,Leptosiphon parviflorus,east glenwood preserve,east glenwood-WHITE,230622,AK,121,1.88,2,,21.2 x 5,,,excellent,,1:05,21.2,,,
,23_261,,,,Leptosiphon parviflorus,east glenwood preserve,east glenwood-WHITE,230622,AK,37.7,1.78,1.53,,25.2,,,excellent,,,,extra tissue for re-extraction available,,
,23_262,,,,Leptosiphon parviflorus,Lunch meadow west-McLaughlin,LMW 1-PINK,230622,AK,181.1,1.83,1.99,,33.7 x 5,,,excellent,,1:05,33.7,extra tissue for re-extraction available,,
,23_263,,,,Leptosiphon parviflorus,Lunch meadow west-McLaughlin,LMW 7-PINK,230622,AK,125.2,1.81,1.72,,21.9 x 5,,,excellent,,1:05,21.9,extra tissue for re-extraction available,,
,23_264,,,,Leptosiphon parviflorus,Lunch meadow west-McLaughlin,LMW 17- PINK,230622,AK,237.5,1.84,2.13,,44.5 x 5,,,excellent,,1:05,44.5,extra tissue for re-extraction available,,
,23_265,,,,Leptosiphon parviflorus,wantrup pink,wantrup pink-WHITE,230622,AK,97.4,1.81,1.84,,15.9 x 3,,,excellent,,1:05,15.9,,,
,23_266,,,,Leptosiphon parviflorus,wantrup pink,wantrup pink-WHITE,230622,AK,68.1,1.82,1.68,,49.5,,,excellent,,,,,,
,23_267,,,,Leptosiphon parviflorus,wantrup pink,wantrup pink-PINK,230622,AK,112.4,1.82,1.91,,19.3 x 5,,,excellent,,1:05,19.3,,,
,23_268,,,,Leptosiphon parviflorus,Lunch meadow west-McLaughlin,LMW 20- WHITE,230627,AK,141.8,1.82,1.81,,25.8 x 5,,,excellent,,1:05,25.8,,,
,23_269,,,,Leptosiphon parviflorus,Lunch meadow west-McLaughlin,LMW8 - WHITE,230627,AK,160,1.84,2.09,,26.9 x 5,,,excellent,,1:05,26.9,,,
,23_270,,,,Leptosiphon parviflorus,wantrup pink,WP- PINK,230627,AK,109.1,1.82,1.96,,20.4 x 5,,,excellent,,1:05,20.4,extra tissue for re-extraction available,,
,23_271,,,,Leptosiphon parviflorus,wantrup pink,WP-WHITE,230627,AK,90.5,1.83,1.89,,53,,,excellent,,,,extra tissue for re-extraction available,,
,23_272,,,,Leptosiphon parviflorus,McLaughlin Grid,grid 13-PINK,230627,AK,144.2,1.83,2.05,,29.1 x 5,,,excellent,,1:05,29.1,,,
,23_273,,,,Leptosiphon parviflorus,McLaughlin Grid,grid 1- WHITE,230627,AK,166.3,1.84,2.13,,32.0 x 5,,,excellent,,1:05,32,,,
,23_274,,,,Leptosiphon parviflorus,east glenwood preserve,EG- WHITE,230627,AK,113.7,1.84,2.13,,23.6 x 5 ,,,excellent,,1:05,23.6,extra tissue for re-extraction available,,
,23_275,,,,Leptosiphon parviflorus,east glenwood preserve,EG- WHITE,230627,AK,86,1.84,2.13,,53,,,excellent,,,,,,
,23_276,,,,Leptosiphon parviflorus,Upper marshall field,UMF-WHITE,230627,AK,97.4,1.81,1.93,,18.9 x 5,,,excellent,,1:05,18.9,,,
,23_277,,,,Leptosiphon parviflorus,Upper marshall field,UMF-WHITE,230627,AK,80.8,1.81,2.09,,too  high,,,excellent,,,,,,
,23_278,,,,Leptosiphon parviflorus,Upper marshall field,UMF-WHITE,230627,AK,62.7,1.81,2,,52,,,excellent,,,,extra tissue for re-extraction available,,
,23_279,,,,Leptosiphon parviflorus,olympia conservation area,olympia- YELLOW,230627,AK,184.5,1.84,2.15,,38.3 x 5,,,excellent,,1:05,38.3,,,
,23_280,,,,Leptosiphon parviflorus,olympia conservation area,olympia- YELLOW,230627,AK,133.6,1.81,1.98,,25.0 x 5,,,excellent,,1:05,25,,,
,23_281,,,,Leptosiphon parviflorus,olympia conservation area,olympia- WHITE,230627,AK,225.6,1.86,2.3,,42.0 x 5,,,excellent,,1:05,42,,,
,23_282,,,,Leptosiphon parviflorus,South ridge conservation area- quail hollow quarry,SRQH-YELLOW,230627,AK,145.9,1.83,2.03,,26.9 x 5,,,excellent,,1:05,26.9,,,
,23_283,,,,Leptosiphon parviflorus,South ridge conservation area- quail hollow quarry,SRQH-YELLOW,230627,AK,72.1,1.8,1.96,,48,,,excellent,,,,,,
,23_284,,,,Leptosiphon parviflorus,South ridge conservation area- quail hollow quarry,SRQH-PINK,230627,AK,184.7,1.83,2.13,,36.5 x 5,,,excellent,,1:05,36.5,,,
,23_285,,,,Leptosiphon parviflorus,Hastings reserve-poison oak hill,POH-WHITE,230627,AK,167.5,1.83,2.22,,33.7 x 5,,,excellent,,1:05,33.7,extra tissue for re-extraction available,,
,23_286,,,,Leptosiphon parviflorus,Hastings reserve-poison oak hill,POH-WHITE,230627,AK,131.6,1.84,2.22,,26.5 x 5,,,excellent,,1:05,26.5,extra tissue for re-extraction available,,
,23_287,,,,Leptosiphon parviflorus,Hastings reserve-poison oak hill,POH-WHITE,230627,AK,112,1.81,2.09,,21.8 x 5,,,excellent,,1:05,21.8,extra tissue for re-extraction available,,
,23_288,,,,Leptosiphon parviflorus,McLaughlin -Hole Creek,HC- WHITE,230627,AK,112.3,1.81,2.09,,21.0 x 5,,,excellent,,1:05,21,extra tissue for re-extraction available,,
,23_289,,,,Leptosiphon parviflorus,McLaughlin -Hole Creek,HC- LIGHT PINK,230627,AK,97.5,1.8,1.99,,18.7 x 5,,,excellent,,1:05,18.7,,,
,23_290,,,,Leptosiphon parviflorus,McLaughlin -Hole Creek,HC- PINK,230627,AK,190.3,1.83,2,,37.4 x 5,,,excellent,,1:05,37.4,extra tissue for re-extraction available,,
,23_291,,,,Leptosiphon parviflorus,McLaughlin -Hole Creek,HC- WHITE,230627,AK,105.6,1.83,2,,15.6 x 5,,,excellent,,1:05,15.6,extra tissue for re-extraction available,,
,23_292,,,,Leptosiphon parviflorus,South ridge conservation area- quail hollow quarry,SRQH-WHITE,230712,AK,121.6,1.82,1.96,,19.0 x 5,,,excellent,,1:05,19,,,
,23_293,,,,Leptosiphon parviflorus,South ridge conservation area- quail hollow quarry,SRQH- YELLOW,230712,AK,142.6,1.83,2.01,,28.9 x 5,,,excellent,,1:05,28.9,,,
,23_294,,,,Leptosiphon parviflorus,South ridge conservation area- quail hollow quarry,SRQH-PINK,230712,AK,66.7,1.79,1.89,,59,,,excellent,,,,,,
,23_295,,,,Leptosiphon parviflorus,South ridge conservation area- quail hollow quarry,SRQH-PINK,230712,AK,147.7,1.84,2.17,,27.3 x 5,,,excellent,,1:05,27.3,,,
,23_296,,,,Leptosiphon parviflorus,South ridge conservation area- quail hollow quarry,SRQH-WHITE,230712,AK,148.3,1.82,1.98,,31.3 x 5,,,excellent,,,,,,
,23_297,,,,Leptosiphon parviflorus,Upper marshall field,UMF-WHITE,230712,AK,85.9,1.81,2.02,,59,,,excellent,,,,,,
,23_298,,,,Leptosiphon parviflorus,Upper marshall field,UMF-WHITE,230712,AK,109.1,1.83,1.99,,22.1 x 5,,,excellent,,1:05,22.1,,,
,23_299,,,,Leptosiphon parviflorus,olympia conservation area,O-WHITE,230712,AK,146.8,1.83,2.01,,32.9 x 5,,,excellent,,1:05,32.9,,,
,23_300,,,,Leptosiphon parviflorus,olympia conservation area,O-WHITE,230712,AK,153.5,1.83,1.96,,30.7 x 5,,,excellent,,1:05,30.7,,,
,23_301,,,,Leptosiphon parviflorus,varney meadow,VM4-PINK,230712,AK,91.4,1.81,1.95,,54,,,excellent,,,,,,
,23_302,,,,Leptosiphon parviflorus,varney meadow,VM15-WHITE,230712,AK,144.3,1.83,2.02,,29.1 x 5,,,excellent,,1:05,29.1,,,
,23_303,,,,Leptosiphon parviflorus,varney meadow,VM12- PINK,230712,AK,166.9,1.84,1.94,,31.2 x 5,,,excellent,,1:05,31.2,,,
,23_304,,,,Leptosiphon parviflorus,McLaughlin research hill,RH-WHITE,230712,AK,130.5,1.83,2.01,,50 x 5,,,excellent,,1:05,50,,,
,23_305,,,,Leptosiphon parviflorus,McLaughlin research hill,RH-WHITE,230712,AK,135.7,1.83,2.01,,47 x 5,,,excellent,,1:05,47,,,
,23_306,,,,Leptosiphon parviflorus,McLaughlin research hill,RH-WHITE,230712,AK,117.1,1.81,1.81,,24.9 x 5,,,excellent,,1:05,24.9,,,
,23_307,,,,Leptosiphon parviflorus,Hastings reserve-poison oak hill,POH-WHITE,230712,AK,133.6,1.84,2.07,,30.0 x 5,,,excellent,,1:05,30,,,
,23_308,,,,Leptosiphon parviflorus,Hastings reserve-poison oak hill,POH-WHITE,230712,AK,131.1,1.84,1.95,,30.1 x 5,,,excellent,,1:05,30.1,,,
,23_309,,,,Leptosiphon parviflorus,McLaughlin-hole creek,HC- LIGHT PINK,230712,AK,117.3,1.79,1.58,,23.2 x 5,,,excellent,,1:05,23.2,,,
,23_310,,,,Leptosiphon parviflorus,McLaughlin-hole creek,HC-PINK,230712,AK,206.2,1.82,2.11,,48.7 x 5,,,excellent,,1:05,48.7,,,
,23_311,,,,Leptosiphon parviflorus,McLaughlin-hole creek,HC-PINK,230712,AK,145.6,1.85,2.08,,33.4 x 5,,,excellent,,1:05,33.4,,,
,23_312,,,,Leptosiphon parviflorus,McLaughlin-Hunting Creek Campground,HCC-PINK,230712,AK,118,1.83,1.99,,59.0 x 5,,,excellent,,1:05,59,,,
,23_313,,,,Leptosiphon parviflorus,McLaughlin-Hunting Creek Campground,HCC-WHITE/LP,230712,AK,102.1,1.82,1.81,,23.4 x 5,,,excellent,,1:05,23.4,,,
,23_314,,,,Leptosiphon parviflorus,Wantrup white,WW-PINK,230712,AK,106.9,1.82,1.91,,24.0 x 5,,,excellent,,1:05,24,,,
,23_315,,,,Leptosiphon parviflorus,Wantrup white,WW-PINK,230712,AK,106.8,1.81,2.01,,22.6 x 5,,,excellent,,1:05,22.6,,,
,23_316,,,,Leptosiphon parviflorus,Wantrup white,WW-PINK,230717,"AK, CG",109.6,1.82,1.85,,19.2 x 5,,,excellent,,1:05,19.2,,,
,23_317,,,,Leptosiphon parviflorus,Wantrup white,WW-WHITE,230717,"AK, CG",99.7,1.82,1.91,,18.2 x 5,,,excellent,,1:05,18.2,,,
,23_318,,,,Leptosiphon parviflorus,Wantrup white,WW-WHITE,230717,"AK, CG",97.6,1.81,1.84,,17.3 x 5,,,excellent,,1:05,17.3,,,
,23_319,,,,Leptosiphon parviflorus,Wantrup white,WW-WHITE,230717,"AK, CG",102.9,1.8,1.76,,18.4 x 5,,,excellent,,1:05,18.4,,,
,23_320,,,,Leptosiphon parviflorus,McLaughlin-Hunting Creek Campground,HCC14-PINK,230717,"AK, CG",134.1,1.83,1.68,,21.5 x 5,,,excellent,,1:05,21.5,,,
,23_321,,,,Leptosiphon parviflorus,McLaughlin-Hunting Creek Campground,HCC-LIGHT PINK,230717,"AK, CG",108.9,1.82,1.75,,19.2 x 5,,,excellent,,1:05,19.2,,,
,23_322,,,,Leptosiphon parviflorus,McLaughlin-Lunch meadow east,LME22-LIGHT PINK,230717,"AK, CG",192.6,1.82,2.1,,40.1 x 5,,,excellent,,1:05,40.1,,,
,23_323,,,,Leptosiphon parviflorus,McLaughlin-Lunch meadow east,LME25-PINK,230717,"AK, CG",145.3,1.83,2.02,,28.5 x 5,,,excellent,,1:05,28.5,,,
,23_324,,,,Leptosiphon parviflorus,McLaughlin-Lunch meadow east,LME19-PINK,230717,"AK, CG",140.1,1.82,1.88,,26.9 x 5,,,excellent,,1:05,26.9,,,
,23_325,,,,Leptosiphon parviflorus,McLaughlin-hole creek,HC-WHITE,230717,"AK, CG",176.2,1.84,2.09,,31.9 x 5,,,excellent,,1:05,31.9,,,
,23_326,,,,Leptosiphon parviflorus,McLaughlin-hole creek,HC-LIGHT PINK,230717,"AK, CG",112.6,1.81,1.78,,23.2 x 5,,,excellent,,1:05,23.2,,,
,23_327,,,,Leptosiphon parviflorus,McLaughlin-research hill,RH7-PINK,230717,"AK, CG",158.8,1.82,1.91,,26.4 x 5,,,excellent,,1:05,26.5,,,
,23_328,,,,Leptosiphon parviflorus,McLaughlin-research hill,RH4-PINK,230717,"AK, CG",138.9,1.81,1.78,,24.5 x 5,,,excellent,,1:05,24.5,,,
,23_329,,,,Leptosiphon parviflorus,McLaughlin-research hill,RH1-PINK,230717,"AK, CG",161.4,1.82,1.79,,24.9 x 5,,,excellent,,1:05,24.9,,,
,23_330,,,,Leptosiphon parviflorus,varney meadow,VM8-WHITE,230717,"AK, CG",112.7,1.8,1.87,,19.0 x 5,,,excellent,,1:05,19,,,
,23_331,,,,Leptosiphon parviflorus,varney meadow,VM10-LIGHT PINK,230717,"AK, CG",157.1,1.81,1.85,,27.7 x 5,,,excellent,,1:05,27.7,,,
,23_332,,,,Leptosiphon parviflorus,varney meadow,VM1-White,230717,"AK, CG",165.9,1.78,1.6,,26.3 x 5,,,excellent,,1:05,26.3,,,
,23_333,,,,Leptosiphon parviflorus,olympia conservation area,olympia,230717,"AK, CG",20.2,1.66,1.17,,11.2,,,low,,,,,,
,23_334,,,,Leptosiphon parviflorus,olympia conservation area,olympia yellow,230717,"AK, CG",113.5,1.8,1.82,,20.1 x 5,,,excellent,,1:05,20.1,,,
,23_335,,,,Leptosiphon parviflorus,SLO-Laguna,SLO-LAG-PINK,230717,"AK, CG",25,1.62,1.16,,14,,,low,,,,,,
,23_336,,,,Leptosiphon parviflorus,SLO-Laguna,SLO-LAG-PINK,230717,"AK, CG",24.8,1.69,1.12,,15.2,,,low,,,,,,
,23_337,,,,Leptosiphon parviflorus,SLO-Laguna,SLO-LAG-WHITE,230717,"AK, CG",107,1.81,1.92,,19.0 x 5,,,excellent,,1:05,19,,,
,23_338,,,,Leptosiphon parviflorus,SLO-High school hill west,SLO-HSHW-White,230717,"AK, CG",98.2,1.81,1.94,,16.2 x 5,,,excellent,,1:05,16.2,,,
,23_339,,,,Leptosiphon parviflorus,SLO-High school hill west,SLO-HSHW-White,230717,"AK, CG",130.7,1.82,1.97,,23.8 x 5,,,excellent,,1:05,23.8,,,
,23_340,,,,Leptosiphon parviflorus,McLaughlin-lunch meadow east,LME6-white,230719,"AK, AT",117.2,1.83,1.84,,20.4 x 5,,,excellent,,1:05,20.4,,,
,23_341,,,,Leptosiphon parviflorus,McLaughlin-lunch meadow east,LME3-white,230719,"AK, AT",221.1,1.84,2.03,,34.6 x 5,,,excellent,,1:05,34.6,,,
,23_342,,,,Leptosiphon parviflorus,McLaughlin-lunch meadow east,LME13-white,230719,"AK, AT",136.1,1.85,1.94,,24.5 x 5,,,excellent,,1:05,24.5,,,
,23_343,,,,Leptosiphon parviflorus,McLaughlin-lunch meadow east,LME8-light pink,230719,"AK, AT",114.8,1.83,1.73,,20.4 x 5,,,excellent,,1:05,20.4,,,
,23_344,,,,Leptosiphon parviflorus,McLaughlin-Hunting Creek Campground,HCC-white,230719,"AK, AT",73.7,1.82,1.53,,48.6,,,excellent,,,,,,
,23_345,,,,Leptosiphon parviflorus,McLaughlin-Hunting Creek Campground,HCC9-Pink,230719,"AK, AT",111.5,1.82,2.02,,20.9 x 5,,,excellent,,1:05,20.9,,,
,23_346,,,,Leptosiphon parviflorus,McLaughlin-Hunting Creek Campground,HCC20-pink,230719,"AK, AT",66.2,1.81,2.07,,43.1,,,excellent,,,,,,
,23_347,,,,Leptosiphon parviflorus,SLO-High school hill west,SLO-HSHW-White,230719,"AK, AT",102.6,1.81,1.72,,18,,,excellent,,1:05,18,,,
,23_348,,,,Leptosiphon parviflorus,SLO-High school hill west,SLO-HSHW-Pink,230719,"AK, AT",147.7,1.8,1.94,,21.1 x 5,,,excellent,,1:05,21.1,,,
,23_349,,,,Leptosiphon parviflorus,SLO-High school hill west,SLO-HSHW-pink,230719,"AK, AT",125.2,1.82,1.97,,24.6 x 5,,,excellent,,1:05,24.6,,,
,23_350,,,,Leptosiphon parviflorus,SLO-High school hill west,SLO-HSHW-pink,230719,"AK, AT",79.1,1.81,1.75,,45.2,,,excellent,,,,,,
,23_351,,,,Leptosiphon parviflorus,SLO-Laguna,SLO-LAG-white,230719,"AK, AT",95.9,1.83,1.71,,17.0 x 5,,,excellent,,1:05,17,,,
,23_352,,,,Leptosiphon parviflorus,SLO-Laguna,SLO-LAG-white,230719,"AK, AT",105.4,1.82,1.77,,18.7 x 5,,,excellent,,1:05,18.7,,,
,23_353,,,,Leptosiphon parviflorus,SLO-Laguna,SLO-LAG-pink,230719,"AK, AT",167.8,1.84,1.88,,28.2 x 5,,,excellent,,1:05,28.2,,,
,23_354,,,,Leptosiphon parviflorus,Santa Barbara co-Sedgewick-serpentine,Segewick serp-white,230719,"AK, AT",120.7,1.82,2.01,,20.5 x 5,,,excellent,,1:05,20.5,,,
,23_355,,,,Leptosiphon parviflorus,Santa Barbara co-Sedgewick-serpentine,sedgewick serp-white,230719,"AK, AT",132.2,1.84,2.17,,28.1 x 5,,,excellent,,1:05,28.1,,,
,23_356,,,,Leptosiphon parviflorus,Santa Barbara co-Sedgewick-serpentine,sedgewick serp-white,230719,"AK, AT",168.7,1.83,2.03,,28.1 x 5,,,excellent,,1:05,28.1,,,
,23_357,,,,Leptosiphon parviflorus,Santa Barbara co-Sedgewick-serpentine,Sedgewick serp-pink25,230719,"AK, AT",81.9,1.82,2.06,,43.7,,,excellent,,,,,,
,23_358,,,,Leptosiphon parviflorus,Santa Barbara co-Figueroa-serpentine,FIG-serp-white,230719,"AK, AT",121.1,1.82,1.96,,21.2 x 5,,,excellent,,1:05,21.2,,,
,23_359,,,,Leptosiphon parviflorus,Santa Barbara co-Figueroa-serpentine,fig-serp-white,230719,"AK, AT",94,1.83,2.02,,17.5 x 5,,,excellent,,1:05,17.5,,,
,23_360,,,,Leptosiphon parviflorus,Santa Barbara co-Figueroa-serpentine,fig-serp-white,230719,"AK, AT",139.8,1.85,2.06,,27.0 x 5,,,excellent,,1:05,27,,,
,23_361,,,,Leptosiphon parviflorus,santa barbara co- sedgewick-oak woodland,sedgewick-oak-15-pink,230719,"AK, AT",113.7,1.83,2.07,,19.4 x 5,,,excellent,,1:05,19.4,,,
,23_362,,,,Leptosiphon parviflorus,santa barbara co- sedgewick-oak woodland,sedgewick-oak-1-pink,230719,"AK, AT",95.7,1.82,1.9,,15.5 x 5,,,excellent,,1:05,15.5,,,
,23_363,,,,Leptosiphon parviflorus,santa barbara co- sedgewick-oak woodland,sedgewick-oak-5-pink,230719,"AK, AT",123.4,1.83,2.02,,22.0 x 5,,,excellent,,1:05,22,,,
,23_364,,,,Leptosiphon parviflorus,sedgewick serp,sedgewick serp-9-pink,230726,AK,98.8,1.83,2.17,,15.8 x 5,,,excellent,,1:05,15.8,,,
,23_365,,,,Leptosiphon parviflorus,sedgewick serp,sedgewick serp-5-pink,230726,AK,123.1,1.84,2.04,,22.6 x 5,,,excellent,,1:05,22.6,,,
,23_366,,,,Leptosiphon parviflorus,sedgewick serp,sedgewick serp-2-pink,230726,AK,164.6,1.83,2,,27.3 x 5,,,excellent,,1:05,27.3,,,
,23_367,,,,Leptosiphon parviflorus,sedgewick serp,sedgewick serp-12-pink,230726,AK,224.4,1.8,1.79,,36.6 x 5,,,excellent,,1:05,36.6,,,
,23_368,,,,Leptosiphon parviflorus,sedgewick serp,sedgewick serp-19-pink,230726,AK,145.9,1.83,2.04,,26.0 x 5,,,excellent,,1:05,26,,,
,23_369,,,,Leptosiphon parviflorus,santa barbara co- sedgewick-oak woodland,sedgewick-oak-10-pink,230726,AK,75.4,1.81,1.9,,43.4,,,excellent,,,,,,
,23_370,,,,Leptosiphon parviflorus,santa barbara co- sedgewick-oak woodland,sedgewick-oak-20-pink,230726,AK,106.6,1.82,1.85,,19.1 x 5,,,excellent,,1:05,19.1,,,
,23_371,,,,Leptosiphon parviflorus,santa barbara co- sedgewick-oak woodland,sedgewick-oak-24-pink,230726,AK,130.2,1.82,2,,23.5 x 5,,,excellent,,1:05,23.5,,,
,23_372,,,,Leptosiphon parviflorus,santa barbara co- sedgewick-oak woodland,sedgewick-oak-white,230726,AK,78.8,1.81,1.83,,44.2,,,excellent,,,,,,
,23_373,,,,Leptosiphon parviflorus,santa barbara co- sedgewick-oak woodland,sedgewick-oak-white,230726,AK,111.9,1.79,1.13,,20.4 x 5,,,weird- highest absorbance at 220 nm,,1:05,20.4,,,
,23_374,,,,Leptosiphon parviflorus,santa barbara co- sedgewick-oak woodland,sedgewick-oak-white,230726,AK,90,1.8,1.61,,15.8 x 5,,,excellent,,1:05,15.8,,,
,23_375,,,,Leptosiphon parviflorus,SLO-high school hill grassland,SLO-hshg-16-pink,230726,AK,92.2,1.82,1.76,,16.7 x 5,,,excellent,,1:05,16.7,,,
,23_376,,,,Leptosiphon parviflorus,SLO-high school hill grassland,SLO-hshg-8-white,230726,AK,102,1.82,1.75,,18.8 x 5,,,excellent,,1:05,18.8,,,
,23_377,,,,Leptosiphon parviflorus,SLO-high school hill grassland,SLO-hshg-15-white,230726,AK,90.6,1.82,1.75,,16.7 x 5,,,excellent,,1:05,16.7,,,
,23_378,,,,Leptosiphon parviflorus,SLO-high school hill grassland,SLO-hshg-14-white,230726,AK,78.8,1.82,1.61,,49.8,,,excellent,,,,,,
,23_379,,,,Leptosiphon parviflorus,SLO-high school hill grassland,SLO-hshg-9-white,230726,AK,92.1,1.81,1.72,,17.0 x 5,,,excellent,,1:05,17,,,
,23_380,,,,Leptosiphon parviflorus,SLO-high school hill grassland,SLO-hshg-10-white,230726,AK,81.9,1.79,1.58,,47.4,,,excellent,,,,,,
,23_381,,,,Leptosiphon parviflorus,Santa Barbara co-Figueroa-serpentine,fig-serp-pink,230726,AK,167.3,1.83,1.97,,29.2 x 5,,,excellent,,1:05,29.2,,,
,23_382,,,,Leptosiphon parviflorus,Santa Barbara co-Figueroa-serpentine,fig-serp-pink,230726,AK,152.9,1.83,2.12,,28.0 x 5,,,excellent,,1:05,28,,,
,23_383,,,,Leptosiphon parviflorus,Santa Barbara co-Figueroa-serpentine,fig-serp-pink,230726,AK,138.5,1.82,1.89,,25.6 x 5,,,excellent,,1:05,25.6,,,
,23_384,,,,Leptosiphon parviflorus,Santa Barbara co-Figueroa-oak woodland,fig-oak-pink,230726,AK,141,1.82,1.99,,26.3 x 5,,,excellent,,1:05,26.3,,,
,23_385,,,,Leptosiphon parviflorus,Santa Barbara co-Figueroa-oak woodland,fig-oak-12-pink,230726,AK,146.5,1.84,2.09,,23.3 x 5,,,excellent,,1:05,23.3,,,
,23_386,,,,Leptosiphon parviflorus,Santa Barbara co-Figueroa-oak woodland,fig-oak-1-pink,230726,AK,114.6,1.78,1.7,,17.3 x 5,,,excellent,,1:05,17.3,,,
,23_387,,,,Leptosiphon parviflorus,Santa Barbara co-Figueroa-oak woodland,fig-oak-white,230726,AK,206.7,1.85,2.21,,35.4 x 5,,,excellent,,1:05,35.4,,,
,23_388,,,,Leptosiphon parviflorus,Santa Barbara co-Figueroa-oak woodland,fig-oak-white,230726,AK,153.6,1.84,2.08,,24.9 x 5,,,excellent,,1:05,24.9,,,
,23_389,,,,Leptosiphon parviflorus,Santa Barbara co-Figueroa-oak woodland,fig-oak-white,230726,AK,215,1.84,2.1,,38.6 x 5,,,excellent,,1:05,38.6,,,